date,AVA,DEW,MXW,PRE
2014-01-01,82,72,23,0.08
2014-01-02,83,70,26,0
2014-01-03,73,70,25,0
2014-01-04,75,68,M,0.02
2014-01-05,81,71,26,0.01
2014-01-06,84,71,29,0.03
2014-01-07,59,49,28,0.01
2014-01-08,71,67,23,0.03
2014-01-09,79,73,20,0.15
2014-01-10,81,72,25,0
2014-01-11,82,73,26,0
2014-01-12,80,70,22,0
2014-01-13,81,70,M,0
2014-01-14,83,72,22,0
2014-01-15,72,68,17,0.3
2014-01-16,61,54,26,0
2014-01-17,65,39,M,0
2014-01-18,68,50,18,0
2014-01-19,68,50,M,0
2014-01-20,75,56,M,0
2014-01-21,72,62,17,0.07
2014-01-22,66,61,22,0
2014-01-23,71,53,17,0
2014-01-24,72,53,21,0
2014-01-25,75,60,M,0
2014-01-26,78,61,18,0
2014-01-27,80,66,17,0
2014-01-28,81,69,22,0
2014-01-29,77,71,18,0.26
2014-01-30,70,70,M,0.05
2014-01-31,81,73,21,0.05
2014-02-01,81,72,22,0
2014-02-02,81,72,21,0.01
2014-02-03,83,72,21,0
2014-02-04,82,72,23,0
2014-02-05,83,73,23,0
2014-02-06,82,72,20,0
2014-02-07,82,71,17,0
2014-02-08,83,71,18,0
2014-02-09,80,69,M,0
2014-02-10,82,67,M,0
2014-02-11,83,69,20,0
2014-02-12,81,70,24,0.22
2014-02-13,76,67,29,0.21
2014-02-14,70,52,M,0
2014-02-15,79,60,20,0
2014-02-16,77,56,M,0
2014-02-17,78,59,21,0
2014-02-18,79,62,20,0
2014-02-19,80,66,22,0
2014-02-20,81,71,24,0
2014-02-21,83,72,29,0
2014-02-22,83,72,20,0
2014-02-23,83,72,21,0
2014-02-24,85,70,M,0
2014-02-25,85,70,M,0
2014-02-26,85,69,28,0
2014-02-27,80,70,M,0.1
2014-02-28,76,64,16,0.01
2014-03-01,80,59,M,0
2014-03-02,80,61,20,0
2014-03-03,81,63,18,0
2014-03-04,81,65,M,0
2014-03-05,83,71,22,0
2014-03-06,85,72,30,0.4
2014-03-07,78,69,30,0.03
2014-03-08,74,58,M,0
2014-03-09,80,62,M,0
2014-03-10,81,63,24,0
2014-03-11,81,66,22,0
2014-03-12,86,69,25,0
2014-03-13,78,69,22,0.01
2014-03-14,75,55,25,0
2014-03-15,79,60,23,0
2014-03-16,80,67,29,0
2014-03-17,87,73,26,0
2014-03-18,79,72,31,0.16
2014-03-19,80,66,20,0
2014-03-20,85,70,M,0
2014-03-21,81,68,20,0
2014-03-22,86,71,22,0.04
2014-03-23,89,69,22,0
2014-03-24,80,70,17,0.01
2014-03-25,83,69,28,0.62
2014-03-26,71,53,25,0
2014-03-27,76,60,26,0
2014-03-28,81,68,29,0
2014-03-29,83,73,31,0.25
2014-03-30,79,68,23,0
2014-03-31,78,61,18,0
2014-04-01,79,61,21,0
2014-04-02,79,60,21,0
2014-04-03,80,64,23,0
2014-04-04,82,65,24,0
2014-04-05,84,67,17,0
2014-04-06,83,67,23,0
2014-04-07,85,75,26,0
2014-04-08,89,75,36,0.1
2014-04-09,78,63,30,0
2014-04-10,79,58,25,0
2014-04-11,80,64,M,0
2014-04-12,82,65,26,0
2014-04-13,84,71,17,0
2014-04-14,85,72,23,0
2014-04-15,87,73,29,0.02
2014-04-16,83,73,M,0
2014-04-17,81,73,24,0.01
2014-04-18,83,72,28,0.05
2014-04-19,88,74,26,0.09
2014-04-20,79,60,20,0
2014-04-21,81,65,16,0
2014-04-22,83,68,M,0
2014-04-23,85,68,20,0
2014-04-24,85,68,18,0
2014-04-25,87,71,23,0
2014-04-26,87,70,M,0
2014-04-27,88,70,21,0
2014-04-28,87,73,22,0
2014-04-29,87,74,30,0
2014-04-30,87,74,25,0
2014-05-01,87,73,26,0
2014-05-02,88,71,24,0
2014-05-03,89,72,23,0.22
2014-05-04,86,71,21,0
2014-05-05,86,64,21,0
2014-05-06,85,66,22,0
2014-05-07,86,68,25,0
2014-05-08,86,68,26,0
2014-05-09,87,70,26,0
2014-05-10,85,72,29,0
2014-05-11,86,71,23,0
2014-05-12,88,70,28,0
2014-05-13,87,73,25,0.03
2014-05-14,85,73,30,0.07
2014-05-15,81,76,21,0.62
2014-05-16,79,73,18,0
2014-05-17,84,60,29,0
2014-05-18,83,63,26,0
2014-05-19,84,65,29,0
2014-05-20,84,65,28,0
2014-05-21,84,64,23,0
2014-05-22,86,67,17,0
2014-05-23,90,70,M,0
2014-05-24,90,71,23,0
2014-05-25,88,74,21,0
2014-05-26,88,72,25,0
2014-05-27,87,71,20,0
2014-05-28,87,73,18,0
2014-05-29,83,74,20,0
2014-05-30,88,74,17,0.03
2014-05-31,88,72,18,0
2014-06-01,87,74,28,0.12
2014-06-02,80,74,25,0.25
2014-06-03,82,70,23,0.01
2014-06-04,81,71,M,0.06
2014-06-05,86,69,21,0
2014-06-06,91,74,M,0
2014-06-07,92,76,22,0.01
2014-06-08,90,75,33,1.63
2014-06-09,89,74,18,0.48
2014-06-10,84,75,23,1.76
2014-06-11,88,75,28,0
2014-06-12,90,75,24,0.24
2014-06-13,86,75,25,0.16
2014-06-14,88,76,22,0
2014-06-15,89,75,M,0.18
2014-06-16,87,74,23,0
2014-06-17,84,73,47,0.76
2014-06-18,84,74,M,0.02
2014-06-19,87,74,23,2.03
2014-06-20,89,73,42,1.3
2014-06-21,88,75,31,0.46
2014-06-22,89,74,37,0.07
2014-06-23,89,76,18,0.46
2014-06-24,90,77,M,0.01
2014-06-25,92,78,M,0.04
2014-06-26,89,76,18,0
2014-06-27,90,76,17,0.01
2014-06-28,90,75,18,0.01
2014-06-29,93,76,18,0.2
2014-06-30,91,74,M,0.34
2014-07-01,89,77,M,0
2014-07-02,89,78,M,0.32
2014-07-03,91,76,26,0.03
2014-07-04,90,76,21,0
2014-07-05,88,76,M,0.32
2014-07-06,88,77,20,0
2014-07-07,87,77,18,0.2
2014-07-08,90,77,26,0.03
2014-07-09,91,77,20,0.39
2014-07-10,87,75,M,0.04
2014-07-11,90,77,M,0.53
2014-07-12,89,75,22,0.02
2014-07-13,88,75,21,0
2014-07-14,89,77,M,0.01
2014-07-15,89,75,44,0.87
2014-07-16,87,78,30,0.16
2014-07-17,89,75,M,0.15
2014-07-18,94,76,20,0.04
2014-07-19,91,79,M,1.28
2014-07-20,91,78,20,0.3
2014-07-21,87,77,M,0.14
2014-07-22,89,78,M,0.22
2014-07-23,88,78,M,0.42
2014-07-24,89,77,21,0.1
2014-07-25,89,77,M,0.15
2014-07-26,90,78,28,0.43
2014-07-27,92,79,22,0
2014-07-28,95,76,M,0
2014-07-29,93,75,M,0.01
2014-07-30,93,77,25,0.38
2014-07-31,91,76,20,0.43
2014-08-01,91,76,M,0
2014-08-02,90,78,M,0.39
2014-08-03,84,78,21,0.01
2014-08-04,87,75,24,0.35
2014-08-05,90,76,M,0
2014-08-06,92,75,M,0
2014-08-07,91,76,M,1.87
2014-08-08,90,75,17,0.01
2014-08-09,92,76,21,0
2014-08-10,91,78,17,0
2014-08-11,92,75,22,0
2014-08-12,91,75,21,0
2014-08-13,91,77,M,0.16
2014-08-14,92,76,M,0.27
2014-08-15,88,77,M,0.82
2014-08-16,91,77,24,0.3
2014-08-17,91,77,21,0
2014-08-18,92,77,17,0
2014-08-19,94,77,M,0
2014-08-20,91,76,M,1.06
2014-08-21,91,78,20,0
2014-08-22,90,76,M,0.15
2014-08-23,92,76,M,0.17
2014-08-24,93,76,M,0
2014-08-25,92,79,20,0.8
2014-08-26,90,75,25,0
2014-08-27,90,74,20,0
2014-08-28,91,77,22,0.01
2014-08-29,91,77,22,0
2014-08-30,91,77,24,0
2014-08-31,90,75,26,0
2014-09-01,91,77,29,0.04
2014-09-02,90,75,23,0.19
2014-09-03,87,76,23,0.62
2014-09-04,87,76,23,0.02
2014-09-05,90,77,23,0
2014-09-06,86,78,M,0.02
2014-09-07,88,79,21,0.28
2014-09-08,89,76,18,0
2014-09-09,89,74,20,0.02
2014-09-10,86,76,20,0.38
2014-09-11,87,75,M,0.05
2014-09-12,84,75,M,0.02
2014-09-13,87,75,18,0.36
2014-09-14,88,75,20,0
2014-09-15,90,76,M,0
2014-09-16,89,76,M,0
2014-09-17,92,75,20,0
2014-09-18,88,74,M,0.01
2014-09-19,85,75,M,0.31
2014-09-20,89,76,22,0.12
2014-09-21,87,75,M,0.02
2014-09-22,88,76,20,0.03
2014-09-23,81,74,32,0.51
2014-09-24,86,76,M,0.18
2014-09-25,86,76,32,0.03
2014-09-26,89,76,M,0
2014-09-27,90,75,28,0.15
2014-09-28,89,77,M,0.08
2014-09-29,88,75,M,0.32
2014-09-30,89,76,M,0
2014-10-01,92,76,23,0
2014-10-02,91,77,20,0.39
2014-10-03,92,77,30,0
2014-10-04,90,77,25,0
2014-10-05,84,70,21,0
2014-10-06,86,71,22,0
2014-10-07,84,73,M,0.03
2014-10-08,88,75,17,0
2014-10-09,88,75,25,0
2014-10-10,87,72,23,0
2014-10-11,88,71,M,0
2014-10-12,88,74,24,0.06
2014-10-13,87,75,25,0
2014-10-14,88,75,25,0.01
2014-10-15,88,76,29,0.06
2014-10-16,84,75,18,0
2014-10-17,83,65,M,0
2014-10-18,85,65,M,0
2014-10-19,85,69,M,0
2014-10-20,84,72,17,0.03
2014-10-21,80,74,M,0.03
2014-10-22,84,74,M,0.28
2014-10-23,81,74,20,0.15
2014-10-24,79,72,28,0.3
2014-10-25,84,66,21,0
2014-10-26,83,64,M,0
2014-10-27,82,65,22,0
2014-10-28,85,67,M,0
2014-10-29,85,68,M,0
2014-10-30,86,68,M,0
2014-10-31,86,70,22,0
2014-11-01,77,55,25,0
2014-11-02,70,49,20,0
2014-11-03,77,57,25,0
2014-11-04,80,61,30,0
2014-11-05,81,68,26,0.05
2014-11-06,82,68,M,0
2014-11-07,84,66,M,0
2014-11-08,82,67,M,0
2014-11-09,74,70,M,0.43
2014-11-10,76,65,M,0.29
2014-11-11,80,62,21,0
2014-11-12,83,65,18,0
2014-11-13,83,67,M,0
2014-11-14,82,66,M,0
2014-11-15,82,66,M,0
2014-11-16,83,72,M,0
2014-11-17,86,76,24,0.02
2014-11-18,80,73,22,0
2014-11-19,65,59,20,0.15
2014-11-20,77,64,26,0
2014-11-21,74,70,22,0.07
2014-11-22,80,72,36,0
2014-11-23,83,74,31,0
2014-11-24,86,77,21,0
2014-11-25,84,76,33,0
2014-11-26,83,77,25,0.02
2014-11-27,73,50,24,0
2014-11-28,71,51,20,0
2014-11-29,76,56,23,0
2014-11-30,79,63,26,0
2014-12-01,81,67,31,0.02
2014-12-02,81,68,26,0.23
2014-12-03,80,67,21,0
2014-12-04,79,69,28,0.18
2014-12-05,81,70,26,0.05
2014-12-06,80,68,M,0
2014-12-07,79,65,17,0
2014-12-08,76,61,M,0
2014-12-09,68,60,18,0
2014-12-10,65,49,22,0
2014-12-11,69,54,M,0
2014-12-12,68,53,16,0
2014-12-13,76,54,17,0
2014-12-14,76,55,M,0
2014-12-15,74,57,M,0
2014-12-16,77,58,M,0
2014-12-17,79,55,M,0
2014-12-18,78,62,M,0
2014-12-19,79,60,M,0
2014-12-20,77,63,M,0
2014-12-21,79,66,16,0
2014-12-22,81,71,20,0
2014-12-23,82,72,24,0
2014-12-24,83,74,25,0.01
2014-12-25,78,74,20,0.19
2014-12-26,79,72,M,0
2014-12-27,80,70,M,0
2014-12-28,81,69,21,0
2014-12-29,82,72,26,0
2014-12-30,83,70,M,0
2014-12-31,80,70,M,0
2015-01-01,81,69,M,0
2015-01-02,82,72,21,0.01
2015-01-03,82,71,24,0
2015-01-04,83,72,24,0
2015-01-05,84,72,M,0.02
2015-01-06,82,69,16,0.01
2015-01-07,79,70,M,0
2015-01-08,72,59,24,0
2015-01-09,77,62,21,0
2015-01-10,77,64,20,0
2015-01-11,80,70,24,0.03
2015-01-12,79,72,23,0.05
2015-01-13,79,72,M,0.15
2015-01-14,76,68,M,0
2015-01-15,78,66,M,0
2015-01-16,73,64,22,0
2015-01-17,77,58,21,0
2015-01-18,77,62,M,0
2015-01-19,74,55,M,0
2015-01-20,73,62,M,0
2015-01-21,81,66,18,0
2015-01-22,80,65,17,0
2015-01-23,78,68,25,0
2015-01-24,77,70,31,0
2015-01-25,66,51,17,0
2015-01-26,76,59,36,0.03
2015-01-27,70,52,20,0
2015-01-28,68,55,22,0
2015-01-29,72,53,22,0
2015-01-30,74,54,M,0
2015-01-31,74,57,25,0
2015-02-01,75,61,23,0
2015-02-02,84,69,25,0.02
2015-02-03,76,63,20,0
2015-02-04,77,67,M,0
2015-02-05,74,71,37,0.41
2015-02-06,74,59,22,0.01
2015-02-07,72,56,30,0
2015-02-08,77,61,22,0
2015-02-09,78,67,24,0.03
2015-02-10,75,65,30,0
2015-02-11,73,53,M,0
2015-02-12,75,55,M,0
2015-02-13,74,54,20,0
2015-02-14,66,45,20,0
2015-02-15,76,50,16,0
2015-02-16,75,59,26,0
2015-02-17,82,66,25,0
2015-02-18,72,67,20,0.21
2015-02-19,60,39,31,0
2015-02-20,65,47,28,0
2015-02-21,74,62,31,0
2015-02-22,80,69,22,0.03
2015-02-23,82,70,17,0
2015-02-24,85,68,18,0
2015-02-25,82,71,24,0
2015-02-26,86,71,32,0
2015-02-27,78,71,M,0.12
2015-02-28,79,72,31,1.03
2015-03-01,82,70,25,0.04
2015-03-02,82,67,18,0
2015-03-03,82,67,25,0
2015-03-04,80,70,21,0
2015-03-05,83,70,25,0
2015-03-06,84,70,16,0
2015-03-07,78,70,24,0.23
2015-03-08,76,67,24,0.04
2015-03-09,82,68,M,0
2015-03-10,83,72,26,0
2015-03-11,84,72,30,0.14
2015-03-12,83,72,25,0.05
2015-03-13,82,68,31,0
2015-03-14,87,70,23,0
2015-03-15,83,69,M,0
2015-03-16,84,69,M,0
2015-03-17,84,69,20,0
2015-03-18,86,69,23,0
2015-03-19,84,69,24,0.06
2015-03-20,85,67,20,0
2015-03-21,86,66,20,0
2015-03-22,86,68,20,0
2015-03-23,88,69,25,0
2015-03-24,84,70,16,0
2015-03-25,89,70,M,0
2015-03-26,86,72,30,0
2015-03-27,90,72,38,0.21
2015-03-28,72,66,22,0
2015-03-29,76,54,24,0
2015-03-30,77,56,M,0
2015-03-31,80,60,20,0
2015-04-01,81,62,20,0
2015-04-02,81,63,18,0
2015-04-03,82,63,21,0
2015-04-04,84,65,17,0
2015-04-05,84,67,M,0
2015-04-06,84,71,32,0.05
2015-04-07,84,68,24,0
2015-04-08,83,71,22,0.03
2015-04-09,84,69,M,0
2015-04-10,85,71,18,0
2015-04-11,86,73,22,0
2015-04-12,85,73,24,0.07
2015-04-13,85,72,24,0
2015-04-14,86,70,20,0
2015-04-15,86,72,23,0.11
2015-04-16,87,71,21,0
2015-04-17,89,71,22,0
2015-04-18,90,71,24,0
2015-04-19,89,71,24,0
2015-04-20,91,75,26,0
2015-04-21,80,72,M,0.2
2015-04-22,83,73,M,0.05
2015-04-23,86,77,22,0.41
2015-04-24,91,75,17,0.09
2015-04-25,89,76,22,0.46
2015-04-26,96,74,28,0
2015-04-27,92,77,23,0
2015-04-28,89,75,25,0.05
2015-04-29,78,74,M,0.55
2015-04-30,80,73,18,0
2015-05-01,84,60,16,0
2015-05-02,81,62,23,0
2015-05-03,81,57,31,0
2015-05-04,80,65,26,0
2015-05-05,79,70,23,0.13
2015-05-06,86,67,M,0
2015-05-07,86,70,M,0.27
2015-05-08,88,71,23,0
2015-05-09,87,73,23,0
2015-05-10,87,73,23,0
2015-05-11,88,73,M,0
2015-05-12,87,72,26,0.05
2015-05-13,87,73,22,0.12
2015-05-14,87,72,23,0
2015-05-15,86,71,22,0
2015-05-16,87,71,21,0
2015-05-17,87,71,23,0.05
2015-05-18,87,69,22,0
2015-05-19,88,70,21,0
2015-05-20,90,72,17,0
2015-05-21,92,73,28,0
2015-05-22,89,73,33,0.05
2015-05-23,89,73,23,0
2015-05-24,88,75,30,0.27
2015-05-25,89,74,24,0.13
2015-05-26,88,72,24,0.03
2015-05-27,87,71,23,0.09
2015-05-28,86,66,25,0
2015-05-29,87,70,23,0
2015-05-30,87,70,24,0
2015-05-31,87,73,M,0.37
2015-06-01,87,70,21,0
2015-06-02,84,71,M,0.05
2015-06-03,83,73,21,0.1
2015-06-04,87,74,M,0.1
2015-06-05,86,74,M,0.24
2015-06-06,87,74,M,0.01
2015-06-07,88,72,22,0
2015-06-08,88,72,M,0
2015-06-09,87,75,M,0.67
2015-06-10,87,76,25,0.01
2015-06-11,88,76,37,0.28
2015-06-12,90,75,23,0
2015-06-13,89,75,24,0.02
2015-06-14,86,75,24,0.06
2015-06-15,88,75,M,0.05
2015-06-16,89,73,M,0
2015-06-17,89,75,20,0
2015-06-18,90,75,21,0
2015-06-19,92,75,21,0
2015-06-20,92,74,20,0
2015-06-21,92,75,20,0
2015-06-22,90,75,M,0.06
2015-06-23,91,75,21,0
2015-06-24,91,75,20,0
2015-06-25,91,75,21,0
2015-06-26,89,77,23,0.53
2015-06-27,90,76,31,0.04
2015-06-28,89,75,16,0.33
2015-06-29,92,75,21,0.25
2015-06-30,94,75,22,0
2015-07-01,91,75,18,0
2015-07-02,91,74,21,0.07
2015-07-03,91,76,36,0.18
2015-07-04,90,75,21,0
2015-07-05,90,76,21,0.03
2015-07-06,91,76,20,0.35
2015-07-07,90,75,M,0
2015-07-08,91,74,23,0
2015-07-09,90,76,28,0.06
2015-07-10,90,73,22,0
2015-07-11,91,72,21,0
2015-07-12,92,73,25,0
2015-07-13,93,74,29,0.33
2015-07-14,89,73,17,0.15
2015-07-15,89,75,33,0.32
2015-07-16,86,75,M,0.02
2015-07-17,91,73,21,0
2015-07-18,89,75,20,0.07
2015-07-19,90,75,21,0
2015-07-20,90,76,23,0
2015-07-21,92,75,M,0.28
2015-07-22,90,75,31,0.03
2015-07-23,92,77,M,0.03
2015-07-24,94,75,30,0
2015-07-25,87,74,33,0.4
2015-07-26,85,74,25,0.08
2015-07-27,93,76,22,0
2015-07-28,94,76,18,0
2015-07-29,95,75,16,0
2015-07-30,93,75,18,0
2015-07-31,91,76,52,1.82
2015-08-01,90,76,23,0
2015-08-02,90,76,21,0
2015-08-03,90,75,M,0.04
2015-08-04,91,74,21,0
2015-08-05,91,76,17,0
2015-08-06,91,76,17,0
2015-08-07,92,75,17,0
2015-08-08,92,75,31,1.04
2015-08-09,92,76,M,0.01
2015-08-10,89,74,20,1.12
2015-08-11,91,75,18,0.93
2015-08-12,93,75,20,0
2015-08-13,90,76,20,0
2015-08-14,90,76,21,0.45
2015-08-15,88,76,24,0.11
2015-08-16,90,76,20,0.14
2015-08-17,91,78,M,0.07
2015-08-18,91,78,18,0.02
2015-08-19,90,79,21,0.01
2015-08-20,91,77,18,0
2015-08-21,90,78,16,0
2015-08-22,91,78,M,0.43
2015-08-23,92,78,17,0
2015-08-24,90,79,M,0.26
2015-08-25,92,82,M,0.18
2015-08-26,88,80,M,0.25
2015-08-27,89,77,20,0.04
2015-08-28,90,78,M,0
2015-08-29,92,79,32,0.05
2015-08-30,83,79,32,0.85
2015-08-31,90,79,21,0
2015-09-01,91,78,18,0
2015-09-02,91,80,M,0.96
2015-09-03,92,79,18,0.02
2015-09-04,94,79,M,0.2
2015-09-05,91,78,20,0.04
2015-09-06,88,79,M,0.24
2015-09-07,85,79,22,0.16
2015-09-08,91,79,18,0.19
2015-09-09,90,79,M,0
2015-09-10,92,79,M,0.05
2015-09-11,92,79,20,0
2015-09-12,90,78,22,0.41
2015-09-13,91,78,24,0.02
2015-09-14,91,79,M,0
2015-09-15,90,78,30,0.08
2015-09-16,85,79,32,0.56
2015-09-17,87,76,M,1.02
2015-09-18,87,79,18,0.4
2015-09-19,91,78,18,0
2015-09-20,93,77,23,0.32
2015-09-21,89,77,25,0.64
2015-09-22,87,75,28,0.72
2015-09-23,86,75,M,0
2015-09-24,85,75,21,0.13
2015-09-25,89,75,18,0.01
2015-09-26,88,76,M,0
2015-09-27,86,75,M,0
2015-09-28,88,76,M,0.01
2015-09-29,89,77,20,0.42
2015-09-30,92,77,M,0
2015-10-01,91,74,21,0
2015-10-02,90,76,21,0
2015-10-03,88,72,26,0
2015-10-04,86,69,31,0
2015-10-05,86,71,31,0.05
2015-10-06,85,72,16,0
2015-10-07,86,75,M,0.09
2015-10-08,86,75,M,0.13
2015-10-09,88,75,18,0.32
2015-10-10,90,74,21,0.01
2015-10-11,86,75,M,0
2015-10-12,87,74,M,0
2015-10-13,87,74,23,0.64
2015-10-14,89,76,M,0
2015-10-15,86,76,17,0
2015-10-16,83,76,22,0.15
2015-10-17,84,74,21,0
2015-10-18,84,71,23,0.01
2015-10-19,82,72,32,1.24
2015-10-20,83,69,30,0
2015-10-21,86,70,26,0.01
2015-10-22,84,71,24,0.13
2015-10-23,82,73,25,0.12
2015-10-24,83,72,24,0.08
2015-10-25,83,71,24,0
2015-10-26,83,70,25,0
2015-10-27,84,73,25,0.01
2015-10-28,80,76,21,0.03
2015-10-29,87,76,M,0.01
2015-10-30,89,75,M,0
2015-10-31,83,76,M,0.19
2015-11-01,87,75,18,0
2015-11-02,87,75,M,0
2015-11-03,86,75,M,0
2015-11-04,88,77,M,0.15
2015-11-05,85,73,25,0
2015-11-06,86,76,M,0.05
2015-11-07,86,76,22,0.01
2015-11-08,86,75,21,0
2015-11-09,88,75,17,0
2015-11-10,88,76,17,0.02
2015-11-11,86,75,M,0
2015-11-12,85,75,M,0
2015-11-13,87,76,M,0
2015-11-14,79,75,18,0.99
2015-11-15,78,72,25,0.21
2015-11-16,80,73,24,0.13
2015-11-17,84,72,24,0.02
2015-11-18,85,75,31,0.04
2015-11-19,84,75,20,0.01
2015-11-20,85,75,M,0
2015-11-21,82,74,21,0.26
2015-11-22,84,73,23,0.37
2015-11-23,78,67,23,0
2015-11-24,77,59,26,0
2015-11-25,78,68,33,0.05
2015-11-26,80,68,32,0.05
2015-11-27,80,67,28,0.09
2015-11-28,81,66,23,0.02
2015-11-29,79,68,22,0
2015-11-30,77,73,M,0.06
2015-12-01,81,73,M,0.15
2015-12-02,82,76,24,0.17
2015-12-03,82,75,M,0.75
2015-12-04,76,74,M,0.93
2015-12-05,77,76,M,0.71
2015-12-06,80,73,28,0
2015-12-07,76,73,M,0.03
2015-12-08,74,70,M,0.22
2015-12-09,82,71,M,0.01
2015-12-10,81,71,M,0
2015-12-11,82,69,M,0
2015-12-12,83,70,22,0
2015-12-13,80,72,33,0.02
2015-12-14,83,73,25,0.01
2015-12-15,83,74,18,0
2015-12-16,83,73,M,0
2015-12-17,83,73,21,0
2015-12-18,85,75,18,0
2015-12-19,76,67,31,0
2015-12-20,76,69,30,0.09
2015-12-21,81,72,30,0.03
2015-12-22,82,75,25,0.03
2015-12-23,83,75,30,0
2015-12-24,83,73,M,0
2015-12-25,83,74,25,0
2015-12-26,82,74,26,0.08
2015-12-27,82,73,22,0.01
2015-12-28,84,73,31,0
2015-12-29,82,74,24,0
2015-12-30,83,75,24,0.01
2015-12-31,82,73,20,0
2016-01-01,83,73,18,0.01
2016-01-02,83,72,M,0.04
2016-01-03,78,69,M,0.58
2016-01-04,70,63,17,0.03
2016-01-05,72,63,30,0.19
2016-01-06,73,64,21,0.09
2016-01-07,76,63,M,0
2016-01-08,79,69,22,0
2016-01-09,83,71,M,0
2016-01-10,83,72,34,0.15
2016-01-11,72,61,20,0.01
2016-01-12,65,60,M,0.1
2016-01-13,71,58,M,0
2016-01-14,72,67,M,0.02
2016-01-15,75,72,34,0.52
2016-01-16,77,66,M,0.02
2016-01-17,78,72,41,0.15
2016-01-18,66,53,20,0
2016-01-19,63,42,23,0
2016-01-20,71,53,18,0
2016-01-21,74,60,22,0
2016-01-22,72,70,22,0.23
2016-01-23,66,59,38,0
2016-01-24,60,44,20,0
2016-01-25,71,54,M,0
2016-01-26,78,66,23,0
2016-01-27,82,73,32,0.25
2016-01-28,73,72,25,0.32
2016-01-29,68,66,20,0
2016-01-30,72,56,M,0
2016-01-31,76,64,18,0
2016-02-01,75,72,M,0.19
2016-02-02,80,73,23,0.01
2016-02-03,81,72,26,0
2016-02-04,80,69,31,0
2016-02-05,74,70,24,0.25
2016-02-06,78,67,22,0.11
2016-02-07,63,61,28,0.07
2016-02-08,67,52,22,0
2016-02-09,66,58,24,0
2016-02-10,63,53,20,0
2016-02-11,70,47,17,0
2016-02-12,74,56,16,0
2016-02-13,75,57,21,0
2016-02-14,73,57,29,0
2016-02-15,74,68,29,0.02
2016-02-16,80,70,36,0.53
2016-02-17,77,62,M,0
2016-02-18,79,60,23,0
2016-02-19,75,60,32,0.03
2016-02-20,75,59,21,0
2016-02-21,78,61,22,0
2016-02-22,80,65,25,0
2016-02-23,80,72,31,0.33
2016-02-24,85,74,36,0.26
2016-02-25,70,65,25,0.01
2016-02-26,70,48,18,0
2016-02-27,69,47,M,0
2016-02-28,72,52,24,0
2016-02-29,77,57,16,0
2016-03-01,79,61,M,0
2016-03-02,82,65,M,0
2016-03-03,80,67,20,0
2016-03-04,85,68,M,0
2016-03-05,77,65,20,0.01
2016-03-06,80,65,23,0
2016-03-07,76,56,26,0
2016-03-08,78,59,29,0
2016-03-09,80,65,31,0
2016-03-10,83,65,38,0
2016-03-11,81,68,30,0
2016-03-12,80,69,26,0
2016-03-13,85,70,30,0
2016-03-14,86,73,21,0
2016-03-15,87,72,M,0.01
2016-03-16,87,70,M,0
2016-03-17,84,70,M,0
2016-03-18,87,69,24,0
2016-03-19,87,72,28,0
2016-03-20,85,73,26,0.08
2016-03-21,73,70,25,0.03
2016-03-22,74,54,25,0
2016-03-23,80,65,25,0
2016-03-24,82,72,28,0.02
2016-03-25,87,73,17,0
2016-03-26,86,74,17,0
2016-03-27,83,73,26,0
2016-03-28,90,75,24,0
2016-03-29,87,74,18,0.02
2016-03-30,79,73,23,0.27
2016-03-31,85,72,26,0.01
2016-04-01,88,74,25,0
2016-04-02,90,75,24,0.03
2016-04-03,80,74,21,0
2016-04-04,81,65,M,0.01
2016-04-05,83,66,18,0
2016-04-06,77,63,32,0
2016-04-07,84,67,20,0.1
2016-04-08,84,65,21,0
2016-04-09,81,64,21,0
2016-04-10,79,57,30,0
2016-04-11,82,62,31,0
2016-04-12,81,64,16,0
2016-04-13,84,65,21,0
2016-04-14,84,68,18,0
2016-04-15,87,70,25,0.86
2016-04-16,83,68,22,0
2016-04-17,79,65,26,0.01
2016-04-18,81,62,24,0
2016-04-19,80,61,24,0
2016-04-20,81,61,26,0
2016-04-21,81,64,28,0
2016-04-22,82,70,24,0.02
2016-04-23,88,73,20,0
2016-04-24,85,68,25,0
2016-04-25,83,65,21,0
2016-04-26,81,64,20,0
2016-04-27,84,66,18,0
2016-04-28,85,69,20,0
2016-04-29,87,69,21,0
2016-04-30,83,69,23,0
2016-05-01,85,72,24,0
2016-05-02,87,73,23,0
2016-05-03,88,78,25,0.28
2016-05-04,83,76,33,0.92
2016-05-05,82,71,24,0.21
2016-05-06,81,62,20,0
2016-05-07,82,52,20,0
2016-05-08,81,54,23,0
2016-05-09,83,61,23,0
2016-05-10,85,65,22,0
2016-05-11,86,68,20,0
2016-05-12,85,66,18,0
2016-05-13,85,69,M,0
2016-05-14,89,74,21,0.03
2016-05-15,89,73,M,0
2016-05-16,87,73,M,0
2016-05-17,87,77,26,0
2016-05-18,87,79,21,0.75
2016-05-19,86,75,25,0.08
2016-05-20,89,76,21,0.01
2016-05-21,92,76,21,0
2016-05-22,91,74,20,0
2016-05-23,86,72,17,0
2016-05-24,87,74,36,0.54
2016-05-25,85,72,25,0.01
2016-05-26,84,69,24,0.05
2016-05-27,86,71,23,0
2016-05-28,85,73,M,0
2016-05-29,89,72,24,0
2016-05-30,85,72,M,0
2016-05-31,84,73,M,0
2016-06-01,87,73,17,0.16
2016-06-02,88,74,M,0
2016-06-03,89,75,26,0
2016-06-04,89,77,M,0
2016-06-05,89,79,24,0.17
2016-06-06,90,78,31,0
2016-06-07,91,78,33,0.1
2016-06-08,89,77,33,0.16
2016-06-09,89,78,21,0.7
2016-06-10,90,77,18,0.22
2016-06-11,91,76,M,0.25
2016-06-12,89,77,M,0.1
2016-06-13,90,75,M,0.06
2016-06-14,90,75,21,0
2016-06-15,89,76,23,0.77
2016-06-16,92,75,24,0
2016-06-17,91,76,33,0.11
2016-06-18,94,76,37,0.37
2016-06-19,88,74,33,0.26
2016-06-20,87,72,28,0
2016-06-21,82,75,20,0.6
2016-06-22,89,76,M,0
2016-06-23,89,77,22,0.03
2016-06-24,90,78,M,0.01
2016-06-25,90,76,21,0
2016-06-26,90,75,17,0.02
2016-06-27,86,76,16,0.1
2016-06-28,88,74,M,0.41
2016-06-29,89,75,18,0
2016-06-30,89,78,23,0.87
2016-07-01,89,77,20,1.01
2016-07-02,89,77,24,0.01
2016-07-03,90,80,20,0.15
2016-07-04,91,78,M,0.01
2016-07-05,91,78,20,0
2016-07-06,91,77,20,0
2016-07-07,91,76,M,0
2016-07-08,91,76,20,0
2016-07-09,91,76,20,0
2016-07-10,92,76,22,0
2016-07-11,91,76,M,0
2016-07-12,92,77,M,0
2016-07-13,90,79,30,0.15
2016-07-14,90,77,34,0.6
2016-07-15,90,76,22,0.1
2016-07-16,90,77,22,0.01
2016-07-17,90,77,32,0.05
2016-07-18,90,76,31,0.01
2016-07-19,91,75,30,0
2016-07-20,91,76,22,0
2016-07-21,88,77,24,0.24
2016-07-22,88,77,M,0.03
2016-07-23,87,77,23,0.53
2016-07-24,87,75,M,0
2016-07-25,90,76,22,0
2016-07-26,91,77,20,0.1
2016-07-27,91,77,M,0.1
2016-07-28,91,77,17,0
2016-07-29,90,78,18,0.07
2016-07-30,92,76,M,0
2016-07-31,90,76,26,0
2016-08-01,91,79,25,0.1
2016-08-02,91,79,31,2.19
2016-08-03,89,78,17,0
2016-08-04,90,79,21,0
2016-08-05,91,76,20,0
2016-08-06,90,78,36,1.15
2016-08-07,90,80,28,0.05
2016-08-08,84,80,18,0.08
2016-08-09,89,80,M,1.27
2016-08-10,91,79,17,0.04
2016-08-11,88,79,17,0
2016-08-12,90,78,25,0.06
2016-08-13,90,76,41,0.09
2016-08-14,90,78,32,0.03
2016-08-15,91,78,31,0.05
2016-08-16,89,79,39,0.14
2016-08-17,88,77,22,0.26
2016-08-18,90,79,26,0.12
2016-08-19,89,77,M,0.09
2016-08-20,93,77,18,0
2016-08-21,94,78,M,0
2016-08-22,93,77,M,0
2016-08-23,93,78,24,0
2016-08-24,90,79,M,0
2016-08-25,93,80,23,0.01
2016-08-26,92,79,M,0.19
2016-08-27,90,79,25,0
2016-08-28,89,78,34,0.1
2016-08-29,85,79,22,0.61
2016-08-30,85,78,31,0.38
2016-08-31,85,80,45,0.45
2016-09-01,89,80,32,0.01
2016-09-02,92,80,30,0
2016-09-03,91,80,20,0
2016-09-04,90,79,16,0
2016-09-05,87,79,M,0.1
2016-09-06,88,76,20,0.16
2016-09-07,89,78,M,0.04
2016-09-08,88,78,30,0.08
2016-09-09,89,77,30,0.01
2016-09-10,90,77,22,0.16
2016-09-11,89,77,M,0.28
2016-09-12,90,77,21,0
2016-09-13,87,77,28,0
2016-09-14,88,77,M,0
2016-09-15,91,77,M,0
2016-09-16,91,77,M,0
2016-09-17,91,78,M,0
2016-09-18,92,77,20,0.33
2016-09-19,91,78,21,0.31
2016-09-20,90,77,32,0.71
2016-09-21,90,78,M,0.3
2016-09-22,89,77,M,0.09
2016-09-23,89,77,21,0.03
2016-09-24,87,78,21,0.01
2016-09-25,88,76,16,0
2016-09-26,87,76,M,0.4
2016-09-27,84,77,26,0.21
2016-09-28,90,83,17,0
2016-09-29,92,78,24,0
2016-09-30,91,76,16,0.2
2016-10-01,88,75,M,0.09
2016-10-02,90,77,21,0.01
2016-10-03,90,77,18,0.06
2016-10-04,91,76,M,0.01
2016-10-05,89,77,21,0.07
2016-10-06,87,77,34,0.41
2016-10-07,91,76,32,0
2016-10-08,91,77,M,0
2016-10-09,89,75,24,0
2016-10-10,85,67,24,0
2016-10-11,87,66,31,0
2016-10-12,87,72,25,0.13
2016-10-13,88,73,24,0
2016-10-14,87,71,24,0
2016-10-15,87,75,33,0.5
2016-10-16,86,75,21,0.77
2016-10-17,87,71,26,0
2016-10-18,87,73,23,0.09
2016-10-19,86,69,24,0
2016-10-20,83,72,M,0.49
2016-10-21,87,69,18,0
2016-10-22,82,70,M,0
2016-10-23,82,60,21,0
2016-10-24,82,62,20,0
2016-10-25,82,64,23,0
2016-10-26,84,70,37,0.26
2016-10-27,79,70,42,0.45
2016-10-28,81,72,32,0.1
2016-10-29,81,75,28,0.13
2016-10-30,81,75,26,0.7
2016-10-31,81,72,25,0
2016-11-01,82,66,24,0
2016-11-02,83,70,28,0.01
2016-11-03,78,69,M,0.16
2016-11-04,82,68,M,0
2016-11-05,81,71,22,0.21
2016-11-06,80,68,24,0.02
2016-11-07,79,65,26,0
2016-11-08,81,62,25,0
2016-11-09,80,63,M,0
2016-11-10,82,67,M,0
2016-11-11,82,66,M,0
2016-11-12,81,66,M,0
2016-11-13,80,65,21,0
2016-11-14,80,67,M,0
2016-11-15,79,69,M,0.09
2016-11-16,80,63,16,0
2016-11-17,79,59,21,0
2016-11-18,80,59,25,0
2016-11-19,79,62,M,0
2016-11-20,78,61,M,0
2016-11-21,77,54,M,0
2016-11-22,78,61,17,0
2016-11-23,81,67,26,0
2016-11-24,81,68,23,0
2016-11-25,82,63,20,0
2016-11-26,82,66,M,0.02
2016-11-27,79,63,M,0
2016-11-28,80,66,30,0
2016-11-29,81,71,24,0.02
2016-11-30,81,72,30,0
2016-12-01,83,75,20,0.02
2016-12-02,81,74,M,0.09
2016-12-03,80,68,21,0
2016-12-04,81,71,24,0
2016-12-05,82,72,30,0
2016-12-06,86,74,23,0
2016-12-07,84,75,M,0
2016-12-08,85,75,M,0.37
2016-12-09,76,69,21,0
2016-12-10,71,70,22,0.15
2016-12-11,77,72,30,0.04
2016-12-12,81,73,16,0
2016-12-13,85,73,M,0
2016-12-14,86,72,M,0
2016-12-15,83,69,18,0
2016-12-16,82,67,24,0
2016-12-17,84,73,25,0.04
2016-12-18,85,74,25,0
2016-12-19,86,74,24,0
2016-12-20,84,71,M,0
2016-12-21,79,70,20,0.01
2016-12-22,82,68,M,0
2016-12-23,81,70,24,0.04
2016-12-24,84,69,M,0
2016-12-25,85,69,26,0
2016-12-26,83,69,30,0
2016-12-27,83,68,M,0
2016-12-28,82,68,17,0
2016-12-29,84,68,M,0
2016-12-30,72,66,23,0
2016-12-31,78,61,24,0
2017-01-01,83,70,28,0
2017-01-02,84,72,31,0
2017-01-03,84,73,24,0.19
2017-01-04,83,74,17,0.11
2017-01-05,81,69,M,0
2017-01-06,81,72,17,0
2017-01-07,87,72,34,0.59
2017-01-08,70,48,34,0
2017-01-09,72,52,25,0
2017-01-10,76,59,28,0.01
2017-01-11,79,63,26,0.01
2017-01-12,80,62,22,0
2017-01-13,80,66,24,0
2017-01-14,78,64,28,0.02
2017-01-15,82,65,21,0
2017-01-16,82,64,M,0
2017-01-17,81,64,21,0
2017-01-18,82,63,17,0
2017-01-19,82,64,17,0
2017-01-20,82,64,22,0
2017-01-21,83,67,28,0
2017-01-22,86,70,37,0
2017-01-23,80,71,40,0.74
2017-01-24,80,59,21,0
2017-01-25,80,62,22,0
2017-01-26,84,67,21,0
2017-01-27,84,67,M,0
2017-01-28,74,51,M,0
2017-01-29,65,54,22,0.18
2017-01-30,72,58,16,0
2017-01-31,74,54,M,0
2017-02-01,78,58,M,0
2017-02-02,79,64,22,0
2017-02-03,80,65,M,0
2017-02-04,82,65,M,0
2017-02-05,81,66,21,0
2017-02-06,81,65,23,0
2017-02-07,81,70,22,0
2017-02-08,86,72,20,0
2017-02-09,85,70,21,0
2017-02-10,77,63,25,0
2017-02-11,78,58,20,0
2017-02-12,79,61,M,0
2017-02-13,80,64,M,0
2017-02-14,81,66,24,0
2017-02-15,84,70,34,0
2017-02-16,78,68,21,0
2017-02-17,76,59,M,0
2017-02-18,79,70,22,0
2017-02-19,85,73,22,0
2017-02-20,77,68,21,0
2017-02-21,76,64,M,0
2017-02-22,71,66,26,0.48
2017-02-23,79,62,21,0
2017-02-24,82,67,M,0
2017-02-25,85,69,18,0
2017-02-26,82,66,25,0
2017-02-27,82,71,26,0.01
2017-02-28,82,71,26,0
2017-03-01,82,70,20,0
2017-03-02,83,72,22,0.08
2017-03-03,78,68,26,0
2017-03-04,76,55,34,0
2017-03-05,75,57,40,0
2017-03-06,76,59,36,0
2017-03-07,78,63,30,0
2017-03-08,78,62,23,0
2017-03-09,80,63,20,0
2017-03-10,85,65,20,0
2017-03-11,83,67,18,0
2017-03-12,83,68,22,1.02
2017-03-13,83,72,28,0
2017-03-14,77,71,22,0.08
2017-03-15,70,49,23,0
2017-03-16,72,48,18,0
2017-03-17,76,51,24,0
2017-03-18,78,57,16,0
2017-03-19,83,62,18,0
2017-03-20,78,58,24,0
2017-03-21,79,56,21,0
2017-03-22,82,58,M,0
2017-03-23,85,66,24,0.01
2017-03-24,80,66,32,0.46
2017-03-25,81,66,28,0.03
2017-03-26,82,67,22,0.09
2017-03-27,82,63,22,0
2017-03-28,83,67,18,0
2017-03-29,84,66,18,0
2017-03-30,84,64,25,0
2017-03-31,87,69,25,0
2017-04-01,88,75,22,0
2017-04-02,88,76,M,0
2017-04-03,85,72,30,0
2017-04-04,86,71,25,0
2017-04-05,87,74,25,0
2017-04-06,91,75,29,0
2017-04-07,77,52,24,0
2017-04-08,78,55,23,0
2017-04-09,81,58,24,0
2017-04-10,81,61,30,0
2017-04-11,81,64,25,0
2017-04-12,84,69,30,0.03
2017-04-13,82,66,24,0
2017-04-14,83,64,24,0
2017-04-15,84,64,30,0
2017-04-16,81,63,29,0
2017-04-17,81,66,22,0
2017-04-18,83,65,23,0
2017-04-19,83,65,23,0
2017-04-20,81,67,30,0.01
2017-04-21,82,66,31,0
2017-04-22,83,71,24,0
2017-04-23,80,73,32,0.48
2017-04-24,89,70,26,0
2017-04-25,85,62,29,0
2017-04-26,85,71,M,0
2017-04-27,89,75,24,0
2017-04-28,88,75,29,0
2017-04-29,87,71,30,0
2017-04-30,85,72,32,0
2017-05-01,86,72,30,0
2017-05-02,87,72,25,0.12
2017-05-03,87,71,23,0
2017-05-04,87,72,22,0
2017-05-05,87,72,28,0.41
2017-05-06,83,59,28,0
2017-05-07,85,58,16,0
2017-05-08,85,62,M,0
2017-05-09,87,64,20,0
2017-05-10,87,67,18,0
2017-05-11,88,68,18,0
2017-05-12,88,71,24,0
2017-05-13,92,71,30,0
2017-05-14,89,73,21,0.32
2017-05-15,92,72,22,0
2017-05-16,89,73,30,0
2017-05-17,89,74,30,0.16
2017-05-18,87,75,32,0.41
2017-05-19,88,75,31,0
2017-05-20,88,72,25,0
2017-05-21,87,71,22,0
2017-05-22,88,71,23,0
2017-05-23,88,74,30,0
2017-05-24,91,76,41,0.2
2017-05-25,89,76,31,0.01
2017-05-26,90,76,M,0.17
2017-05-27,94,78,21,0.01
2017-05-28,97,74,20,0
2017-05-29,92,74,21,0
2017-05-30,91,76,26,0
2017-05-31,90,74,22,0
2017-06-01,90,76,23,0.03
2017-06-02,84,76,26,2.35
2017-06-03,85,75,20,0.12
2017-06-04,86,75,M,0.64
2017-06-05,88,78,20,0.07
2017-06-06,85,77,23,1.39
2017-06-07,85,75,23,0.29
2017-06-08,91,77,30,0
2017-06-09,89,76,22,0.24
2017-06-10,88,77,20,0
2017-06-11,90,77,28,0
2017-06-12,90,76,M,0.04
2017-06-13,89,76,18,0
2017-06-14,88,77,24,0.11
2017-06-15,89,77,22,0.13
2017-06-16,88,76,17,0.12
2017-06-17,89,75,20,0.07
2017-06-18,89,75,33,0.12
2017-06-19,86,77,37,0.51
2017-06-20,90,76,31,0
2017-06-21,89,78,30,0
2017-06-22,90,76,22,0.01
2017-06-23,89,75,20,0
2017-06-24,90,74,20,0
2017-06-25,91,75,20,0
2017-06-26,91,75,17,0
2017-06-27,91,76,17,0.15
2017-06-28,91,76,21,0.53
2017-06-29,89,78,M,0.21
2017-06-30,91,76,21,0.1
2017-07-01,91,75,18,0
2017-07-02,91,75,20,0
2017-07-03,92,76,21,0
2017-07-04,91,75,M,0
2017-07-05,92,75,18,0.01
2017-07-06,92,75,20,0.01
2017-07-07,92,76,20,0
2017-07-08,92,76,20,0
2017-07-09,91,76,21,0
2017-07-10,90,76,24,0.57
2017-07-11,91,76,21,0.02
2017-07-12,91,78,33,2.49
2017-07-13,91,78,25,0.11
2017-07-14,91,77,M,0
2017-07-15,92,75,20,0
2017-07-16,91,76,M,0
2017-07-17,92,76,25,0.02
2017-07-18,91,76,18,0.72
2017-07-19,89,77,16,0.06
2017-07-20,90,78,M,0.04
2017-07-21,90,77,18,0.08
2017-07-22,91,77,M,0
2017-07-23,91,77,20,0
2017-07-24,93,77,21,0
2017-07-25,93,78,M,0.05
2017-07-26,91,77,M,0
2017-07-27,93,77,21,0.06
2017-07-28,91,77,20,0.01
2017-07-29,91,77,M,0.3
2017-07-30,93,77,30,0.02
2017-07-31,85,77,32,0.48
2017-08-01,90,76,21,0.31
2017-08-02,92,77,20,0
2017-08-03,92,79,18,0
2017-08-04,92,77,23,0
2017-08-05,92,76,23,0
2017-08-06,92,76,24,0.03
2017-08-07,91,76,24,0.03
2017-08-08,92,75,25,0
2017-08-09,93,74,23,0
2017-08-10,88,77,21,0.47
2017-08-11,90,76,17,0.29
2017-08-12,93,76,M,0
2017-08-13,92,77,M,0
2017-08-14,94,76,21,0
2017-08-15,92,76,17,0.06
2017-08-16,94,78,17,0
2017-08-17,93,76,20,0
2017-08-18,94,75,21,0.5
2017-08-19,94,77,23,0.05
2017-08-20,89,78,23,0.23
2017-08-21,91,76,36,0.19
2017-08-22,92,78,18,0.1
2017-08-23,87,77,M,0.36
2017-08-24,85,76,M,0.26
2017-08-25,84,76,31,0.58
2017-08-26,83,77,21,0.13
2017-08-27,90,78,M,1.04
2017-08-28,93,78,22,0.01
2017-08-29,93,77,M,0.06
2017-08-30,94,78,M,0
2017-08-31,92,77,20,0
2017-09-01,93,78,21,0.01
2017-09-02,88,80,18,0.21
2017-09-03,93,82,M,0
2017-09-04,92,80,20,0
2017-09-05,93,79,M,0
2017-09-06,91,79,22,0
2017-09-07,93,78,M,0
2017-09-08,94,78,32,0
2017-09-09,88,79,56,0.41
2017-09-10,80,75,72,0.55
2017-09-11,92,76,29,0
2017-09-12,91,77,29,0
2017-09-13,89,80,M,0
2017-09-14,92,78,M,0
2017-09-15,92,78,M,0
2017-09-16,92,79,22,0.01
2017-09-17,91,77,16,0
2017-09-18,91,76,M,0
2017-09-19,93,79,22,0
2017-09-20,90,78,M,0
2017-09-21,90,78,21,0.99
2017-09-22,87,81,20,0.74
2017-09-23,91,81,18,0.21
2017-09-24,90,80,M,0.01
2017-09-25,90,77,18,0
2017-09-26,87,79,22,0.16
2017-09-27,88,78,21,0
2017-09-28,89,78,M,0
2017-09-29,84,80,30,0.6
2017-09-30,89,78,20,0
2017-10-01,90,78,21,0.01
2017-10-02,85,78,23,0.55
2017-10-03,87,78,39,0.09
2017-10-04,86,76,37,0.43
2017-10-05,84,80,31,1.05
2017-10-06,88,81,26,0
2017-10-07,90,81,24,0
2017-10-08,90,81,17,0
2017-10-09,89,79,17,0.06
2017-10-10,90,76,28,0.01
2017-10-11,88,75,24,0
2017-10-12,86,78,32,0.21
2017-10-13,89,78,M,0.07
2017-10-14,87,78,M,0.06
2017-10-15,89,77,17,0
2017-10-16,88,79,M,0.62
2017-10-17,89,75,20,0
2017-10-18,87,75,M,0.02
2017-10-19,89,76,20,0.04
2017-10-20,88,75,33,0.07
2017-10-21,85,76,31,0.03
2017-10-22,87,76,28,0
2017-10-23,88,76,25,0
2017-10-24,86,76,18,1.68
2017-10-25,78,76,31,0.21
2017-10-26,78,59,21,0
2017-10-27,81,66,23,0
2017-10-28,81,77,41,0.59
2017-10-29,79,76,31,0.18
2017-10-30,71,47,21,0
2017-10-31,79,61,M,0
2017-11-01,81,62,M,0
2017-11-02,84,69,21,0
2017-11-03,85,72,21,0.03
2017-11-04,84,73,20,0.01
2017-11-05,83,72,M,0
2017-11-06,85,73,M,0
2017-11-07,85,73,18,0
2017-11-08,86,71,M,0
2017-11-09,86,75,20,0
2017-11-10,86,74,22,0.27
2017-11-11,84,73,22,0.08
2017-11-12,85,75,33,0.52
2017-11-13,84,76,24,0.49
2017-11-14,85,73,24,0
2017-11-15,82,72,24,0.18
2017-11-16,81,69,M,0
2017-11-17,81,68,22,0
2017-11-18,82,66,20,0
2017-11-19,83,68,M,0
2017-11-20,79,70,24,0.09
2017-11-21,84,72,18,0.38
2017-11-22,84,71,M,0
2017-11-23,82,73,24,0.31
2017-11-24,81,71,17,0
2017-11-25,78,66,M,0
2017-11-26,81,63,M,0
2017-11-27,79,69,18,0
2017-11-28,81,72,24,0.12
2017-11-29,84,73,22,0
2017-11-30,83,69,20,0
2017-12-01,83,67,21,0
2017-12-02,81,66,21,0
2017-12-03,82,65,23,0
2017-12-04,82,69,21,0.04
2017-12-05,83,70,24,0
2017-12-06,83,70,M,0
2017-12-07,84,74,21,0
2017-12-08,86,75,25,0
2017-12-09,80,76,25,0.15
2017-12-10,63,50,32,0
2017-12-11,68,42,M,0
2017-12-12,73,58,22,0
2017-12-13,67,58,18,0
2017-12-14,72,52,M,0
2017-12-15,78,59,M,0
2017-12-16,81,62,M,0
2017-12-17,83,71,M,0
2017-12-18,84,71,20,0
2017-12-19,83,69,M,0
2017-12-20,82,68,16,0
2017-12-21,83,71,M,0
2017-12-22,84,69,M,0
2017-12-23,81,68,M,0
2017-12-24,81,66,M,0
2017-12-25,83,67,M,0
2017-12-26,81,69,M,0
2017-12-27,83,69,M,0.09
2017-12-28,80,68,M,0.01
2017-12-29,76,67,M,0
2017-12-30,66,61,M,0
2017-12-31,74,61,M,0
2018-01-01,80,64,18,0
2018-01-02,71,67,24,0.06
2018-01-03,69,68,34,0.16
2018-01-04,60,41,22,0
2018-01-05,63,44,18,0
2018-01-06,68,50,21,0
2018-01-07,72,58,28,0
2018-01-08,78,69,26,0.01
2018-01-09,77,71,M,0.01
2018-01-10,78,71,M,0.04
2018-01-11,81,71,21,0
2018-01-12,84,73,26,0.03
2018-01-13,76,69,17,0
2018-01-14,74,56,21,0
2018-01-15,75,62,25,0
2018-01-16,75,59,22,0
2018-01-17,73,55,23,0
2018-01-18,63,48,22,0
2018-01-19,72,54,24,0
2018-01-20,76,62,M,0
2018-01-21,79,66,M,0
2018-01-22,80,70,24,0
2018-01-23,83,73,21,0
2018-01-24,81,72,M,0.01
2018-01-25,74,66,30,0
2018-01-26,77,60,38,0
2018-01-27,80,64,38,0
2018-01-28,81,68,32,0
2018-01-29,84,73,23,0.09
2018-01-30,71,63,26,0
2018-01-31,72,53,28,0
2018-02-01,78,59,20,0
2018-02-02,81,66,M,0
2018-02-03,74,67,25,0.06
2018-02-04,80,69,26,0
2018-02-05,83,73,M,0
2018-02-06,78,69,M,0
2018-02-07,81,70,20,0
2018-02-08,83,72,M,0
2018-02-09,81,71,M,0.04
2018-02-10,82,71,24,0
2018-02-11,83,73,30,0
2018-02-12,84,72,25,0
2018-02-13,84,72,M,0
2018-02-14,83,70,M,0
2018-02-15,81,63,16,0
2018-02-16,83,66,20,0
2018-02-17,83,69,22,0
2018-02-18,83,69,20,0
2018-02-19,83,73,28,0.07
2018-02-20,84,72,28,0
2018-02-21,82,71,37,0
2018-02-22,81,69,28,0.01
2018-02-23,81,69,24,0
2018-02-24,82,69,26,0.02
2018-02-25,82,69,20,0
2018-02-26,82,70,22,0.02
2018-02-27,84,71,22,0.03
2018-02-28,81,68,20,0
2018-03-01,82,68,18,0
2018-03-02,88,71,18,0
2018-03-03,80,54,20,0
2018-03-04,77,52,20,0
2018-03-05,75,54,17,0
2018-03-06,77,59,29,0
2018-03-07,83,68,30,0.15
2018-03-08,71,53,24,0
2018-03-09,71,50,22,0
2018-03-10,76,66,31,0
2018-03-11,86,72,22,0
2018-03-12,77,73,32,0.02
2018-03-13,74,51,22,0
2018-03-14,72,51,18,0
2018-03-15,74,50,21,0
2018-03-16,76,58,20,0
2018-03-17,79,64,16,0
2018-03-18,84,70,16,0
2018-03-19,86,71,17,0
2018-03-20,88,74,31,0
2018-03-21,80,71,26,0
2018-03-22,72,49,22,0
2018-03-23,76,50,16,0
2018-03-24,76,57,22,0
2018-03-25,80,63,23,0
2018-03-26,83,68,30,0
2018-03-27,77,66,38,0
2018-03-28,77,60,31,0
2018-03-29,80,64,28,0
2018-03-30,81,66,22,0
2018-03-31,82,68,20,0
2018-04-01,82,67,20,0
2018-04-02,82,68,17,0
2018-04-03,83,67,M,0
2018-04-04,83,73,24,0.76
2018-04-05,81,71,21,0.07
2018-04-06,81,68,21,0
2018-04-07,87,70,30,0
2018-04-08,86,73,23,0.04
2018-04-09,89,74,30,0
2018-04-10,91,76,31,0
2018-04-11,85,70,21,0
2018-04-12,81,63,22,0
2018-04-13,83,65,20,0
2018-04-14,85,75,28,0
2018-04-15,86,75,39,0.14
2018-04-16,81,72,23,0
2018-04-17,78,60,20,0
2018-04-18,82,63,18,0
2018-04-19,83,66,21,0
2018-04-20,87,67,M,0
2018-04-21,83,72,18,0
2018-04-22,84,74,25,0.23
2018-04-23,82,75,31,0.97
2018-04-24,89,74,23,0
2018-04-25,84,73,22,0.07
2018-04-26,83,69,18,0
2018-04-27,82,72,21,0.24
2018-04-28,86,73,20,0
2018-04-29,84,70,24,0
2018-04-30,83,63,38,0
2018-05-01,82,69,28,0.05
2018-05-02,83,70,31,0.21
2018-05-03,83,72,31,0.02
2018-05-04,82,71,32,0.25
2018-05-05,83,74,21,0.27
2018-05-06,86,75,32,0.17
2018-05-07,86,75,20,0.55
2018-05-08,85,76,24,0
2018-05-09,85,69,24,0
2018-05-10,83,68,22,0
2018-05-11,85,68,21,0
2018-05-12,80,72,23,0
2018-05-13,81,75,24,0.95
2018-05-14,83,76,32,0.3
2018-05-15,87,75,25,0.36
2018-05-16,85,77,25,0
2018-05-17,81,77,M,0.44
2018-05-18,85,75,M,0
2018-05-19,78,75,31,0.35
2018-05-20,80,75,25,0.58
2018-05-21,80,75,28,0.08
2018-05-22,83,73,28,0
2018-05-23,85,74,21,0
2018-05-24,85,75,M,0
2018-05-25,81,76,30,0.49
2018-05-26,78,75,30,0.18
2018-05-27,83,77,37,0.77
2018-05-28,81,75,33,0.06
2018-05-29,85,79,23,0.64
2018-05-30,87,79,28,0
2018-05-31,83,79,M,2.14
2018-06-01,86,75,M,0
2018-06-02,89,74,20,0
2018-06-03,91,77,M,0
2018-06-04,92,77,M,0
2018-06-05,92,77,17,0
2018-06-06,93,77,24,0
2018-06-07,88,75,21,0.64
2018-06-08,88,77,21,0.01
2018-06-09,85,78,28,1.56
2018-06-10,85,79,M,0.01
2018-06-11,84,78,M,0.05
2018-06-12,86,78,M,0.1
2018-06-13,87,76,M,0
2018-06-14,88,77,26,0.53
2018-06-15,88,78,M,0.01
2018-06-16,88,78,M,0.02
2018-06-17,89,77,20,0
2018-06-18,88,77,17,0
2018-06-19,87,75,21,0
2018-06-20,89,76,M,0
2018-06-21,94,78,30,0.02
2018-06-22,93,79,20,0.38
2018-06-23,90,78,30,0.15
2018-06-24,90,77,22,0.67
2018-06-25,89,76,21,0
2018-06-26,89,78,22,0.03
2018-06-27,88,76,21,0.14
2018-06-28,91,77,M,0.05
2018-06-29,88,76,23,0
2018-06-30,86,79,M,0.41
2018-07-01,90,78,17,0.06
2018-07-02,91,77,17,0
2018-07-03,88,77,M,0.28
2018-07-04,87,78,17,0.03
2018-07-05,89,78,20,0.05
2018-07-06,89,77,18,0.67
2018-07-07,90,76,22,0
2018-07-08,90,76,18,0
2018-07-09,92,77,18,0
2018-07-10,89,76,21,0.41
2018-07-11,89,77,20,0.03
2018-07-12,90,77,M,0.1
2018-07-13,92,76,M,0.1
2018-07-14,91,76,18,0
2018-07-15,89,75,M,0
2018-07-16,91,77,17,0
2018-07-17,91,77,20,0
2018-07-18,93,78,25,0.29
2018-07-19,91,77,20,0.05
2018-07-20,91,79,26,0
2018-07-21,93,77,21,0
2018-07-22,92,80,17,0.05
2018-07-23,93,79,34,0.26
2018-07-24,87,79,33,0.85
2018-07-25,91,78,21,0
2018-07-26,91,79,20,0.03
2018-07-27,89,79,M,0
2018-07-28,91,79,M,0.03
2018-07-29,87,77,17,0.23
2018-07-30,85,78,M,0.02
2018-07-31,88,78,25,0.07
2018-08-01,90,79,25,0.06
2018-08-02,89,77,33,0.33
2018-08-03,89,78,31,0.19
2018-08-04,89,78,23,0.06
2018-08-05,89,79,31,0.03
2018-08-06,91,76,30,0.12
2018-08-07,89,78,25,0.05
2018-08-08,90,78,20,0
2018-08-09,91,78,34,0.72
2018-08-10,93,76,M,0.1
2018-08-11,90,76,26,1.71
2018-08-12,86,77,23,0.26
2018-08-13,89,79,20,0.53
2018-08-14,90,77,20,0
2018-08-15,90,77,22,0
2018-08-16,90,77,24,0
2018-08-17,91,78,30,0
2018-08-18,90,79,M,0
2018-08-19,89,79,21,0.43
2018-08-20,90,78,22,0
2018-08-21,89,77,M,0
2018-08-22,89,79,M,0.26
2018-08-23,89,76,17,0
2018-08-24,89,77,18,0.78
2018-08-25,86,78,24,0.09
2018-08-26,89,77,34,0.22
2018-08-27,89,79,33,0.11
2018-08-28,88,78,20,0.21
2018-08-29,88,77,28,0.03
2018-08-30,85,77,25,0.08
2018-08-31,88,79,26,0
2018-09-01,88,78,32,0.11
2018-09-02,86,77,32,0.39
2018-09-03,80,78,42,0.69
2018-09-04,88,78,M,0.05
2018-09-05,89,78,20,0.01
2018-09-06,88,78,23,0.05
2018-09-07,84,75,M,0.12
2018-09-08,84,77,18,0.06
2018-09-09,88,78,M,0.01
2018-09-10,86,78,M,0
2018-09-11,89,77,M,0
2018-09-12,91,78,M,0
2018-09-13,91,77,M,0
2018-09-14,90,78,M,0
2018-09-15,90,79,28,0.38
2018-09-16,90,78,M,0
2018-09-17,90,78,22,0
2018-09-18,89,78,21,0.06
2018-09-19,90,78,M,0
2018-09-20,90,77,M,0
2018-09-21,89,77,M,0.55
2018-09-22,89,77,M,0.04
2018-09-23,89,77,M,0
2018-09-24,90,78,17,0.05
2018-09-25,90,79,M,0
2018-09-26,89,78,23,0
2018-09-27,89,78,22,0
2018-09-28,90,77,25,0.02
2018-09-29,90,78,26,0.04
2018-09-30,89,75,26,0
2018-10-01,89,77,25,0
2018-10-02,87,78,29,0.14
2018-10-03,87,76,25,0.12
2018-10-04,87,78,30,0.35
2018-10-05,87,77,21,0.01
2018-10-06,87,74,24,0
2018-10-07,85,74,26,0.01
2018-10-08,86,76,33,0
2018-10-09,85,80,24,0
2018-10-10,89,80,22,0
2018-10-11,88,79,17,0
2018-10-12,89,79,17,0
2018-10-13,89,79,M,0
2018-10-14,87,78,M,0.19
2018-10-15,88,78,24,0.04
2018-10-16,88,77,28,0
2018-10-17,87,78,24,0.1
2018-10-18,87,76,22,0
2018-10-19,86,75,31,0.08
2018-10-20,86,76,M,0
2018-10-21,90,76,21,0
2018-10-22,83,73,21,0.01
2018-10-23,85,72,M,0
2018-10-24,86,72,M,0
2018-10-25,85,72,M,0
2018-10-26,88,75,21,0
2018-10-27,87,75,18,0
2018-10-28,81,65,23,0
2018-10-29,82,61,17,0
2018-10-30,84,68,23,0
2018-10-31,84,66,26,0
2018-11-01,84,73,23,0
2018-11-02,88,75,31,0
2018-11-03,82,76,20,1.35
2018-11-04,84,77,23,0.33
2018-11-05,85,72,17,0
2018-11-06,84,75,M,0
2018-11-07,85,75,M,0
2018-11-08,85,75,M,0
2018-11-09,85,74,M,0
2018-11-10,87,74,M,0
2018-11-11,85,75,M,0.31
2018-11-12,83,75,24,0.15
2018-11-13,85,77,21,0.03
2018-11-14,86,77,20,0
2018-11-15,83,77,20,0.06
2018-11-16,74,63,17,0
2018-11-17,77,65,20,0
2018-11-18,81,68,M,0
2018-11-19,83,72,M,0
2018-11-20,84,74,M,0
2018-11-21,82,72,M,0
2018-11-22,79,70,M,0
2018-11-23,80,71,M,0.01
2018-11-24,82,74,23,0
2018-11-25,84,75,M,0
2018-11-26,85,74,21,0
2018-11-27,73,73,22,0
2018-11-28,64,45,23,0
2018-11-29,73,57,M,0
2018-11-30,76,66,18,0
2018-12-01,82,71,26,0
2018-12-02,85,77,25,0
2018-12-03,87,77,20,0
2018-12-04,84,76,M,0
2018-12-05,75,73,23,0
2018-12-06,75,56,24,0
2018-12-07,79,62,23,0
2018-12-08,80,70,22,0
2018-12-09,83,76,25,0.01
2018-12-10,73,71,20,0
2018-12-11,65,52,23,0
2018-12-12,74,56,M,0
2018-12-13,79,66,23,0
2018-12-14,82,74,31,0
2018-12-15,82,75,20,0.37
2018-12-16,77,68,M,0
2018-12-17,71,61,17,0
2018-12-18,76,63,M,0
2018-12-19,78,66,22,0
2018-12-20,82,73,38,0.08
2018-12-21,72,66,42,0
2018-12-22,68,53,M,0
2018-12-23,73,58,M,0
2018-12-24,75,60,20,0
2018-12-25,75,63,20,0
2018-12-26,76,67,33,0.01
2018-12-27,80,73,31,0
2018-12-28,81,74,33,0.01
2018-12-29,82,76,25,0
2018-12-30,80,73,21,0
2018-12-31,81,71,25,0
2019-01-01,82,72,24,0
2019-01-02,81,72,0,0
2019-01-03,82,74,26,0
2019-01-04,83,73,26,0
2019-01-05,79,73,18,0.01
2019-01-06,76,62,0,0
2019-01-07,79,63,17,0
2019-01-08,81,65,0,0
2019-01-09,77,66,0,0
2019-01-10,67,55,20,0
2019-01-11,74,62,23,0
2019-01-12,78,67,30,0
2019-01-13,80,70,17,0.06
2019-01-14,78,66,0,0
2019-01-15,69,58,21,0
2019-01-16,72,55,0,0
2019-01-17,76,63,0,0
2019-01-18,78,63,0,0
2019-01-19,77,66,25,0
2019-01-20,73,71,30,0.14
2019-01-21,70,54,22,0
2019-01-22,76,60,33,0
2019-01-23,79,69,34,0
2019-01-24,83,73,33,0.1
2019-01-25,70,69,18,0
2019-01-26,64,64,17,0.14
2019-01-27,74,72,22,0.25
2019-01-28,60,60,26,0.05
2019-01-29,69,50,0,0
2019-01-30,71,61,0,0
2019-01-31,75,67,0,0.01
2019-02-01,79,68,0,0
2019-02-02,80,70,22,0
2019-02-03,83,70,0,0
2019-02-04,76,67,0,0
2019-02-05,79,66,0,0
2019-02-06,78,65,20,0
2019-02-07,78,64,20,0
2019-02-08,80,66,18,0
2019-02-09,78,69,26,0.13
2019-02-10,80,68,29,0
2019-02-11,77,73,31,0.03
2019-02-12,81,73,29,0
2019-02-13,75,73,22,0.22
2019-02-14,78,66,22,0
2019-02-15,80,68,0,0
2019-02-16,80,68,25,0
2019-02-17,82,74,32,0
2019-02-18,85,76,22,0
2019-02-19,84,75,28,0.03
2019-02-20,82,74,32,0.32
2019-02-21,82,73,24,0
2019-02-22,84,75,0,0
2019-02-23,84,74,31,0
2019-02-24,84,74,21,0
2019-02-25,83,74,25,0
2019-02-26,81,71,0,0
2019-02-27,83,73,17,0.17
2019-02-28,82,71,0,0
2019-03-01,81,69,18,0
2019-03-02,85,72,20,0
2019-03-03,83,72,24,0.01
2019-03-04,88,72,21,0
2019-03-05,86,73,25,0
2019-03-06,72,59,24,0
2019-03-07,75,55,25,0
2019-03-08,79,65,24,0
2019-03-09,83,71,26,0
2019-03-10,83,72,24,0
2019-03-11,84,72,17,0
2019-03-12,86,72,25,0
2019-03-13,81,70,26,0
2019-03-14,80,69,26,0
2019-03-15,80,70,21,0
2019-03-16,82,71,0,0.04
2019-03-17,84,73,0,0.12
2019-03-18,79,71,0,0.01
2019-03-19,70,68,22,0.31
2019-03-20,79,67,21,0.01
2019-03-21,78,65,17,0
2019-03-22,75,53,20,0
2019-03-23,78,56,18,0
2019-03-24,79,60,25,0
2019-03-25,81,71,0,0.42
2019-03-26,86,68,20,0
2019-03-27,79,62,22,0
2019-03-28,76,64,34,0.03
2019-03-29,79,63,26,0.08
2019-03-30,80,64,20,0
2019-03-31,82,66,22,0
2019-04-01,83,65,22,0
2019-04-02,87,69,23,0
2019-04-03,81,69,24,0
2019-04-04,78,72,22,0.36
2019-04-05,82,70,23,0
2019-04-06,84,72,22,0
2019-04-07,84,71,0,0
2019-04-08,83,71,24,0
2019-04-09,81,72,20,0.29
2019-04-10,83,71,32,0
2019-04-11,84,69,22,0
2019-04-12,85,72,23,0
2019-04-13,84,73,25,0
2019-04-14,86,75,31,0
2019-04-15,87,75,18,0
2019-04-16,82,64,24,0
2019-04-17,81,66,24,0
2019-04-18,86,73,30,0.02
2019-04-19,88,73,34,0.5
2019-04-20,82,71,22,0.01
2019-04-21,81,57,0,0
2019-04-22,80,59,21,0
2019-04-23,81,60,23,0
2019-04-24,81,65,0,0
2019-04-25,84,69,23,0
2019-04-26,89,72,26,0
2019-04-27,84,69,20,0
2019-04-28,85,70,24,0
2019-04-29,85,71,23,0
2019-04-30,85,71,30,0.06
2019-05-01,82,72,33,0.1
2019-05-02,84,74,24,0.07
2019-05-03,87,75,24,0.11
2019-05-04,88,74,26,0
2019-05-05,90,75,33,0.67
2019-05-06,89,75,32,0.72
2019-05-07,86,75,31,0.63
2019-05-08,88,73,0,0
2019-05-09,88,73,25,0.17
2019-05-10,88,75,23,0.01
2019-05-11,87,73,24,0
2019-05-12,89,75,25,0.5
2019-05-13,94,75,39,0.18
2019-05-14,94,75,22,0
2019-05-15,86,71,0,0
2019-05-16,84,72,22,0.01
2019-05-17,85,68,23,0
2019-05-18,87,70,23,0
2019-05-19,88,71,21,0
2019-05-20,85,71,0,0.01
2019-05-21,89,71,21,0
2019-05-22,88,71,22,0.01
2019-05-23,88,70,25,0
2019-05-24,85,65,25,0
2019-05-25,86,66,28,0
2019-05-26,88,70,23,0
2019-05-27,87,71,23,0
2019-05-28,88,67,22,0
2019-05-29,87,72,21,0
2019-05-30,88,73,22,0
2019-05-31,89,74,23,0
2019-06-01,92,74,21,0
2019-06-02,92,74,31,0
2019-06-03,93,74,21,0
2019-06-04,91,76,18,0.07
2019-06-05,91,75,21,0
2019-06-06,90,75,22,0.7
2019-06-07,92,75,23,1.08
2019-06-08,91,76,0,1.57
2019-06-09,88,78,0,0.31
2019-06-10,89,76,24,0.23
2019-06-11,90,75,21,0.01
2019-06-12,89,75,0,0.02
2019-06-13,89,75,0,0.01
2019-06-14,93,74,26,0.61
2019-06-15,88,75,21,0.15
2019-06-16,82,74,28,0.97
2019-06-17,84,76,34,0.22
2019-06-18,89,75,20,0.43
2019-06-19,91,78,24,0
2019-06-20,92,77,21,0
2019-06-21,95,77,20,0
2019-06-22,94,77,0,0
2019-06-23,94,76,0,0
2019-06-24,96,74,23,0.01
2019-06-25,96,74,0,0
2019-06-26,94,73,0,0
2019-06-27,92,74,0,0
2019-06-28,91,76,38,0.69
2019-06-29,85,74,30,0.76
2019-06-30,88,76,0,0
2019-07-01,95,78,0,0.71
2019-07-02,98,76,0,0
2019-07-03,93,77,0,1.41
2019-07-04,92,76,16,0
2019-07-05,91,76,23,0
2019-07-06,87,76,0,0.46
2019-07-07,90,75,0,0.04
2019-07-08,88,74,0,1.65
2019-07-09,90,73,0,0
2019-07-10,92,74,22,0
2019-07-11,90,75,32,0.25
2019-07-12,88,76,36,0.33
2019-07-13,92,76,22,0
2019-07-14,93,76,20,0
2019-07-15,91,76,18,0.01
2019-07-16,91,76,21,0
2019-07-17,92,74,21,0
2019-07-18,91,74,18,0
2019-07-19,91,75,18,0.27
2019-07-20,89,75,18,0.09
2019-07-21,91,75,24,0
2019-07-22,92,74,24,0
2019-07-23,93,77,48,0
2019-07-24,93,79,25,0
2019-07-25,93,75,17,1.4
2019-07-26,90,75,0,1.48
2019-07-27,92,76,20,0
2019-07-28,92,76,0,0
2019-07-29,92,75,20,0.78
2019-07-30,92,75,0,0.18
2019-07-31,91,77,0,0.03
2019-08-01,85,76,21,0.07
2019-08-02,90,75,22,0.23
2019-08-03,87,77,0,1.05
2019-08-04,92,77,20,0.19
2019-08-05,89,77,0,0.03
2019-08-06,89,77,0,0.8
2019-08-07,90,76,0,1.07
2019-08-08,92,77,22,1.61
2019-08-09,94,77,32,0.99
2019-08-10,94,77,24,0
2019-08-11,92,77,21,0.18
2019-08-12,91,76,22,0.03
2019-08-13,90,77,34,1.32
2019-08-14,89,75,16,0.21
2019-08-15,91,76,30,0.16
2019-08-16,92,75,21,0.16
2019-08-17,92,75,21,0
2019-08-18,93,76,21,0
2019-08-19,90,74,33,0.39
2019-08-20,88,74,30,0.03
2019-08-21,90,73,0,0.01
2019-08-22,90,76,23,0.47
2019-08-23,87,76,0,0.03
2019-08-24,88,77,0,0.08
2019-08-25,90,77,0,0.1
2019-08-26,92,78,0,0
2019-08-27,94,78,18,0
2019-08-28,96,76,38,0
2019-08-29,89,76,0,0.04
2019-08-30,90,75,23,0.41
2019-08-31,90,75,36,0.29
2019-09-01,92,77,21,0.28
2019-09-02,88,77,36,0.5
2019-09-03,92,76,32,0
2019-09-04,94,75,25,0
2019-09-05,92,77,20,0
2019-09-06,95,77,18,0
2019-09-07,92,75,21,0
2019-09-08,91,76,16,0
2019-09-09,93,76,22,0.01
2019-09-10,92,74,24,0
2019-09-11,91,73,28,0
2019-09-12,89,76,33,0.46
2019-09-13,89,75,34,0.17
2019-09-14,89,78,20,0.09
2019-09-15,93,77,21,0
2019-09-16,94,77,18,0.06
2019-09-17,93,76,18,0
2019-09-18,91,74,21,0
2019-09-19,87,71,30,0.11
2019-09-20,86,73,37,0.08
2019-09-21,87,74,34,0.52
2019-09-22,88,71,31,0
2019-09-23,89,69,22,0
2019-09-24,87,67,0,0
2019-09-25,88,68,20,0
2019-09-26,88,68,22,0
2019-09-27,90,72,18,0
2019-09-28,90,73,18,0
2019-09-29,88,73,29,0
2019-09-30,88,72,32,0.01
2019-10-01,89,73,31,0.01
2019-10-02,87,75,24,0.36
2019-10-03,88,74,23,0.03
2019-10-04,89,74,18,0
2019-10-05,90,73,23,0
2019-10-06,88,74,24,0.06
2019-10-07,83,76,0,0.22
2019-10-08,85,76,24,0.19
2019-10-09,90,75,21,0.03
2019-10-10,90,75,20,0.05
2019-10-11,88,74,20,0.34
2019-10-12,84,72,25,0.22
2019-10-13,88,72,0,0.02
2019-10-14,87,72,0,0
2019-10-15,87,71,17,0
2019-10-16,91,74,18,0
2019-10-17,90,76,0,0.05
2019-10-18,88,76,18,0
2019-10-19,87,76,24,0.14
2019-10-20,91,77,20,0.01
2019-10-21,90,76,16,0
2019-10-22,89,76,0,0
2019-10-23,89,75,17,0
2019-10-24,88,75,24,0.04
2019-10-25,89,73,33,0.02
2019-10-26,88,76,25,0.16
2019-10-27,88,76,20,0
2019-10-28,89,75,18,0
2019-10-29,88,76,0,0.01
2019-10-30,89,74,18,0
2019-10-31,88,73,0,0
2019-11-01,90,74,0,0.01
2019-11-02,88,73,0,0
2019-11-03,84,73,17,0.15
2019-11-04,86,73,0,0.05
2019-11-05,87,71,0,0
2019-11-06,87,72,24,0.02
2019-11-07,87,71,24,0
2019-11-08,86,71,0,0
2019-11-09,80,72,33,0.01
2019-11-10,83,62,25,0
2019-11-11,84,66,0,0.01
2019-11-12,87,68,0,0
2019-11-13,84,70,29,0.23
2019-11-14,82,72,21,0.11
2019-11-15,84,72,30,0.12
2019-11-16,77,65,21,0
2019-11-17,64,55,18,0
2019-11-18,75,60,0,0
2019-11-19,82,61,17,0
2019-11-20,78,52,16,0
2019-11-21,79,57,24,0
2019-11-22,80,62,0,0
2019-11-23,82,64,17,0
2019-11-24,82,69,25,0.16
2019-11-25,76,61,0,0
2019-11-26,79,58,0,0
2019-11-27,84,66,0,0
2019-11-28,84,69,0,0
2019-11-29,82,64,18,0
2019-11-30,81,63,0,0
2019-12-01,85,65,20,0
2019-12-02,84,70,33,0.12
2019-12-03,67,50,20,0
2019-12-04,76,54,0,0
2019-12-05,72,53,0,0
2019-12-06,78,56,0,0
2019-12-07,80,60,0,0
2019-12-08,81,63,20,0
2019-12-09,83,70,0,0.01
2019-12-10,84,73,23,0
2019-12-11,84,72,18,0.09
2019-12-12,81,70,22,0.37
2019-12-13,82,69,16,0.01
2019-12-14,86,69,30,0
2019-12-15,81,63,18,0
2019-12-16,83,73,23,0.01
2019-12-17,84,72,24,0
2019-12-18,78,73,20,0.07
2019-12-19,71,64,24,0.13
2019-12-20,78,65,31,0.01
2019-12-21,78,67,37,0.11
2019-12-22,77,70,26,0.04
2019-12-23,75,70,23,1.87
2019-12-24,75,59,23,0
2019-12-25,80,67,23,0.01
2019-12-26,81,70,31,0.05
2019-12-27,81,71,24,0.07
2019-12-28,81,72,26,0.32
2019-12-29,80,71,24,0.44
2019-12-30,80,72,20,0.01
2019-12-31,81,69,0,0
2020-01-01,81,58,0,0
2020-01-02,80,69,18,0
2020-01-03,83,71,29,0
2020-01-04,87,72,24,0
2020-01-05,72,58,24,0
2020-01-06,74,55,17,0
2020-01-07,79,53,0,0
2020-01-08,78,58,22,0
2020-01-09,79,62,36,0
2020-01-10,80,69,40,0
2020-01-11,83,70,37,0.02
2020-01-12,81,71,31,0
2020-01-13,82,71,20,0
2020-01-14,82,70,25,0.01
2020-01-15,81,62,20,0
2020-01-16,81,63,18,0
2020-01-17,80,69,32,0.06
2020-01-18,79,60,33,0
2020-01-19,81,65,20,0
2020-01-20,76,67,16,0
2020-01-21,67,51,31,0
2020-01-22,62,52,29,0
2020-01-23,76,64,0,0.1
2020-01-24,79,65,20,0.01
2020-01-25,78,63,17,0
2020-01-26,75,50,0,0
2020-01-27,76,59,0,0
2020-01-28,79,63,0,0
2020-01-29,81,62,18,0
2020-01-30,76,65,20,1.05
2020-01-31,79,66,20,0.02
2020-02-01,76,69,31,0.78
2020-02-02,67,56,23,0
2020-02-03,75,55,0,0
2020-02-04,78,61,22,0
2020-02-05,80,67,24,0
2020-02-06,84,72,48,0
2020-02-07,78,74,34,0.11
2020-02-08,75,60,21,0
2020-02-09,78,64,33,0
2020-02-10,82,67,31,0
2020-02-11,84,71,0,0
2020-02-12,84,71,25,0
2020-02-13,85,71,25,0
2020-02-14,87,70,16,0.01
2020-02-15,82,70,22,0.27
2020-02-16,82,70,22,0.12
2020-02-17,84,68,20,0
2020-02-18,84,70,23,0
2020-02-19,84,70,0,0
2020-02-20,85,72,23,0.01
2020-02-21,80,71,25,0
2020-02-22,76,58,31,0.02
2020-02-23,77,59,24,0
2020-02-24,79,61,30,0
2020-02-25,83,70,25,0
2020-02-26,86,73,33,0.14
2020-02-27,70,62,23,0.02
2020-02-28,68,44,25,0
2020-02-29,71,46,21,0
2020-03-01,74,50,26,0
2020-03-02,78,59,25,0
2020-03-03,81,68,26,0
2020-03-04,85,70,24,0
2020-03-05,89,72,22,0
2020-03-06,84,73,23,0.05
2020-03-07,74,56,28,0
2020-03-08,74,53,33,0
2020-03-09,78,58,37,0
2020-03-10,81,60,30,0
2020-03-11,81,65,20,0
2020-03-12,83,63,20,0
2020-03-13,83,66,21,0
2020-03-14,84,67,21,0
2020-03-15,83,67,20,0
2020-03-16,83,64,26,0
2020-03-17,83,66,20,0
2020-03-18,82,67,18,0
2020-03-19,83,68,24,0
2020-03-20,83,69,21,0
2020-03-21,84,68,20,0
2020-03-22,84,68,0,0
2020-03-23,83,67,24,0.01
2020-03-24,85,68,20,0
2020-03-25,89,69,16,0
2020-03-26,89,70,0,0
2020-03-27,86,69,20,0
2020-03-28,83,69,23,0
2020-03-29,85,71,22,0
2020-03-30,87,72,0,0
2020-03-31,91,73,25,0
2020-04-01,87,73,22,0.1
2020-04-02,81,62,18,0
2020-04-03,82,61,0,0
2020-04-04,84,64,20,0
2020-04-05,82,68,18,0
2020-04-06,86,72,24,0
2020-04-07,86,71,22,0
2020-04-08,90,73,22,0
2020-04-09,94,73,23,0
2020-04-10,94,74,21,0
2020-04-11,85,75,0,0.12
2020-04-12,87,76,29,0
2020-04-13,88,75,30,0
2020-04-14,90,76,21,0
2020-04-15,92,75,22,0
2020-04-16,90,75,18,0
2020-04-17,87,75,23,0
2020-04-18,92,76,30,0
2020-04-19,90,75,24,0
2020-04-20,96,75,36,0
2020-04-21,93,75,23,0
2020-04-22,89,68,23,0
2020-04-23,88,75,31,0
2020-04-24,95,77,25,0
2020-04-25,92,76,22,0.02
2020-04-26,87,75,38,0.69
2020-04-27,87,70,20,0
2020-04-28,83,61,24,0
2020-04-29,86,71,21,0
2020-04-30,87,74,44,0.65
2020-05-01,83,70,20,0.05
2020-05-02,83,63,20,0
2020-05-03,83,64,18,0
2020-05-04,86,66,0,0
2020-05-05,87,71,18,0
2020-05-06,91,72,26,0
2020-05-07,86,68,20,0
2020-05-08,83,64,30,0
2020-05-09,86,66,21,0
2020-05-10,79,72,0,0.05
2020-05-11,84,70,24,0
2020-05-12,85,67,31,0
2020-05-13,83,66,32,0
2020-05-14,79,72,34,0.07
2020-05-15,81,74,22,0.75
2020-05-16,89,73,22,0
2020-05-17,89,75,30,0.12
2020-05-18,86,76,25,1.15
2020-05-19,87,78,21,0.09
2020-05-20,92,77,18,0
2020-05-21,90,77,0,0
2020-05-22,87,75,24,0.13
2020-05-23,86,75,22,0.05
2020-05-24,79,75,31,1.34
2020-05-25,78,76,32,1.06
2020-05-26,86,77,39,3.33
2020-05-27,86,78,18,0
2020-05-28,86,78,0,0
2020-05-29,87,75,21,0
2020-05-30,88,75,20,0
2020-05-31,89,74,M,0
2020-06-01,90,75,21,0
2020-06-02,87,76,24,0.19
2020-06-03,86,76,21,0.65
2020-06-04,84,76,33,0.9
2020-06-05,86,79,34,0
2020-06-06,87,79,25,0
2020-06-07,90,79,23,0
2020-06-08,88,79,0,0.11
2020-06-09,90,78,0,0
2020-06-10,91,76,16,0
2020-06-11,87,77,26,0.13
2020-06-12,87,75,21,0.01
2020-06-13,88,73,22,0.01
2020-06-14,91,77,0,0.15
2020-06-15,88,75,30,0.76
2020-06-16,88,74,20,0
2020-06-17,84,75,20,0.15
2020-06-18,89,76,0,0.47
2020-06-19,89,78,18,0.91
2020-06-20,90,77,0,0
2020-06-21,90,78,0,0.01
2020-06-22,92,77,21,0
2020-06-23,93,77,17,0
2020-06-24,94,78,0,0
2020-06-25,93,77,17,0
2020-06-26,93,77,23,0
2020-06-27,93,76,18,0
2020-06-28,94,76,17,0
2020-06-29,94,77,16,0
2020-06-30,97,76,22,0
2020-07-01,95,76,22,0.98
2020-07-02,94,76,23,0
2020-07-03,94,78,18,0.22
2020-07-04,93,76,20,0
2020-07-05,93,78,23,0.03
2020-07-06,91,78,30,0.29
2020-07-07,92,78,0,0
2020-07-08,95,77,0,0.35
2020-07-09,98,78,0,0.01
2020-07-10,96,78,18,0.2
2020-07-11,90,78,31,0.81
2020-07-12,90,76,23,0
2020-07-13,94,77,20,0.03
2020-07-14,96,78,0,0.13
2020-07-15,93,76,20,0
2020-07-16,93,75,22,0.05
2020-07-17,91,77,34,0.44
2020-07-18,85,78,30,0.35
2020-07-19,92,77,31,0.03
2020-07-20,92,76,39,0.01
2020-07-21,89,76,31,0.16
2020-07-22,87,77,30,0.72
2020-07-23,88,78,30,0.11
2020-07-24,91,77,24,0.02
2020-07-25,90,79,34,0.68
2020-07-26,92,77,36,0.26
2020-07-27,92,78,18,0
2020-07-28,92,78,0,0
2020-07-29,93,77,20,0
2020-07-30,93,76,0,0
2020-07-31,94,77,28,0
2020-08-01,90,78,38,0.24
2020-08-02,85,79,25,0.75
2020-08-03,89,80,23,0.23
2020-08-04,86,80,0,0.07
2020-08-05,87,78,0,0.17
2020-08-06,92,77,26,0.17
2020-08-07,93,78,20,0
2020-08-08,92,79,0,0.02
2020-08-09,91,78,20,0
2020-08-10,93,77,21,0
2020-08-11,92,77,18,0.01
2020-08-12,91,77,0,0.57
2020-08-13,91,78,20,0.09
2020-08-14,91,78,24,0
2020-08-15,90,77,0,0.3
2020-08-16,92,77,0,0.01
2020-08-17,92,76,0,0
2020-08-18,92,76,0,0
2020-08-19,91,77,0,0.28
2020-08-20,89,78,18,0.3
2020-08-21,92,79,21,0
2020-08-22,91,77,30,0.02
2020-08-23,92,80,33,0.34
2020-08-24,90,79,55,0.12
2020-08-25,91,79,30,0.09
2020-08-26,91,78,21,0.05
2020-08-27,91,78,17,0
2020-08-28,92,79,0,0
2020-08-29,90,79,17,0.58
2020-08-30,92,78,22,0.05
2020-08-31,90,77,0,0.47
2020-09-01,92,78,21,0
2020-09-02,91,79,20,0
2020-09-03,93,79,0,0
2020-09-04,92,78,22,0
2020-09-05,93,77,23,0
2020-09-06,91,75,23,0.14
2020-09-07,86,76,0,0.43
2020-09-08,89,76,21,0.09
2020-09-09,89,77,0,0.42
2020-09-10,87,77,0,0.16
2020-09-11,89,78,20,0.02
2020-09-12,81,77,41,0.25
2020-09-13,86,79,30,0.87
2020-09-14,89,77,0,0
2020-09-15,89,77,20,0
2020-09-16,89,77,23,0.01
2020-09-17,90,77,20,0.01
2020-09-18,90,77,0,0
2020-09-19,92,78,0,0
2020-09-20,89,79,17,0
2020-09-21,82,79,30,0.43
2020-09-22,88,69,30,0
2020-09-23,87,71,22,0
2020-09-24,84,77,0,1.14
2020-09-25,89,79,22,0.34
2020-09-26,91,79,31,1.2
2020-09-27,89,77,0,0.07
2020-09-28,89,78,0,0.23
2020-09-29,89,77,25,0
2020-09-30,89,77,17,0
2020-10-01,90,76,0,0.17
2020-10-02,83,76,0,1.58
2020-10-03,85,77,21,0.17
2020-10-04,89,78,23,0
2020-10-05,89,78,38,0.04
2020-10-06,89,78,31,0.04
2020-10-07,88,78,24,0
2020-10-08,89,74,23,0
2020-10-09,88,75,25,0.01
2020-10-10,90,78,25,0.03
2020-10-11,91,78,0,0
2020-10-12,92,78,0,0.01
2020-10-13,88,77,0,0
2020-10-14,88,75,23,0.26
2020-10-15,89,77,0,0.03
2020-10-16,87,77,24,0.46
2020-10-17,87,75,24,0
2020-10-18,87,75,25,0
2020-10-19,82,75,48,0.18
2020-10-20,84,76,23,0.25
2020-10-21,78,75,33,0.7
2020-10-22,85,75,30,0.19
2020-10-23,87,74,20,0
2020-10-24,86,76,23,0.61
2020-10-25,85,77,23,0.34
2020-10-26,86,77,22,0
2020-10-27,89,77,23,0
2020-10-28,87,76,0,0
2020-10-29,87,77,23,0.01
2020-10-30,88,77,0,0.59
2020-10-31,87,77,0,0.21
2020-11-01,86,76,0,0.06
2020-11-02,79,76,41,0
2020-11-03,80,61,33,0
2020-11-04,81,70,34,0
2020-11-05,83,75,34,0.28
2020-11-06,83,74,25,0.04
2020-11-07,82,74,37,0.26
2020-11-08,78,75,45,0.6
2020-11-09,83,77,51,0.77
2020-11-10,84,77,45,0.02
2020-11-11,83,77,32,0.09
2020-11-12,81,78,20,0.25
2020-11-13,86,76,0,0
2020-11-14,85,76,0,0.04
2020-11-15,85,74,0,0.03
2020-11-16,85,72,17,0
2020-11-17,83,73,28,0
2020-11-18,80,63,34,0
2020-11-19,79,65,33,0
2020-11-20,80,70,31,0.08
2020-11-21,81,71,23,0.42
2020-11-22,81,72,0,0.19
2020-11-23,80,71,17,0
2020-11-24,82,66,24,0
2020-11-25,80,70,23,0.03
2020-11-26,82,66,0,0
2020-11-27,81,69,0,0.05
2020-11-28,81,70,0,0.04
2020-11-29,82,71,18,0
2020-11-30,83,72,26,0.06
2020-12-01,69,59,25,0.01
2020-12-02,73,55,21,0
2020-12-03,75,58,24,0
2020-12-04,77,65,21,0
2020-12-05,84,70,0,0
2020-12-06,84,73,0,0
2020-12-07,77,73,30,0.39
2020-12-08,63,54,24,0
2020-12-09,64,43,18,0
2020-12-10,72,53,0,0
2020-12-11,77,66,0,0.06
2020-12-12,78,69,18,0.16
2020-12-13,82,69,23,0
2020-12-14,85,71,17,0
2020-12-15,82,71,0,0
2020-12-16,81,71,28,0
2020-12-17,84,74,20,0
2020-12-18,72,56,21,0
2020-12-19,76,59,18,0
2020-12-20,80,69,20,0
2020-12-21,80,70,0,0
2020-12-22,76,59,16,0
2020-12-23,79,63,22,0
2020-12-24,82,72,28,0.09
2020-12-25,74,72,26,0
2020-12-26,63,47,0,0
2020-12-27,74,60,20,0
2020-12-28,76,62,23,0.01
2020-12-29,77,61,31,0
2020-12-30,79,66,34,0
2020-12-31,81,69,31,0
2021-01-01,81,71,30,0
2021-01-02,80,70,25,0
2021-01-03,83,70,16,0
2021-01-04,74,71,0,0
2021-01-05,72,51,17,0
2021-01-06,73,54,0,0
2021-01-07,76,63,23,0
2021-01-08,75,68,22,0
2021-01-09,66,53,21,0
2021-01-10,70,51,0,0
2021-01-11,77,63,0,0
2021-01-12,77,67,0,0
2021-01-13,77,63,0,0.08
2021-01-14,69,62,17,0.28
2021-01-15,75,59,0,0
2021-01-16,72,63,24,0
2021-01-17,68,51,0,0
2021-01-18,71,57,0,0.01
2021-01-19,74,53,17,0
2021-01-20,75,56,17,0
2021-01-21,76,59,17,0
2021-01-22,79,62,17,0
2021-01-23,81,64,0,0
2021-01-24,82,67,0,0
2021-01-25,78,68,24,0
2021-01-26,82,68,21,0
2021-01-27,85,71,21,0
2021-01-28,76,70,23,0
2021-01-29,72,55,18,0
2021-01-30,75,56,23,0
2021-01-31,77,65,28,0
2021-02-01,75,65,34,0.02
2021-02-02,65,45,26,0
2021-02-03,66,48,22,0
2021-02-04,72,55,22,0
2021-02-05,76,67,21,0
2021-02-06,80,73,23,0.86
2021-02-07,84,74,28,0
2021-02-08,84,74,23,0
2021-02-09,82,71,20,0
2021-02-10,82,70,0,0
2021-02-11,80,70,23,0
2021-02-12,82,72,22,0
2021-02-13,82,73,26,0
2021-02-14,85,74,31,0
2021-02-15,85,75,28,0.22
2021-02-16,83,75,22,0.64
2021-02-17,83,74,23,0.02
2021-02-18,85,73,31,0
2021-02-19,83,74,25,0.2
2021-02-20,76,63,25,0
2021-02-21,76,62,33,0.01
2021-02-22,81,69,25,0
2021-02-23,84,71,0,0.04
2021-02-24,80,71,0,0.12
2021-02-25,85,70,0,0
2021-02-26,83,70,17,0.01
2021-02-27,83,70,25,0
2021-02-28,82,72,31,0
2021-03-01,83,71,22,0
2021-03-02,84,71,18,0
2021-03-03,85,69,33,0
2021-03-04,73,60,17,0
2021-03-05,79,60,17,0
2021-03-06,78,66,31,1.29
2021-03-07,77,63,23,0
2021-03-08,72,56,25,0
2021-03-09,73,56,28,0
2021-03-10,75,65,33,0.03
2021-03-11,79,64,32,0.01
2021-03-12,79,63,31,0
2021-03-13,80,63,20,0
2021-03-14,81,65,0,0
2021-03-15,82,67,0,0
2021-03-16,80,67,25,0
2021-03-17,83,70,24,0
2021-03-18,84,72,30,0
2021-03-19,85,72,22,0.27
2021-03-20,81,64,17,0
2021-03-21,78,59,20,0
2021-03-22,78,60,18,0
2021-03-23,78,61,18,0
2021-03-24,84,71,23,0
2021-03-25,84,73,30,0
2021-03-26,84,73,23,0
2021-03-27,85,71,24,0
2021-03-28,85,71,23,0
2021-03-29,85,71,17,0
2021-03-30,85,72,24,0
2021-03-31,86,72,26,0
2021-04-01,89,71,28,0.06
2021-04-02,77,57,33,0
2021-04-03,74,54,28,0
2021-04-04,76,53,25,0
2021-04-05,76,55,22,0
2021-04-06,77,58,0,0
2021-04-07,79,58,23,0
2021-04-08,80,61,22,0
2021-04-09,81,64,26,0
2021-04-10,83,71,25,0
2021-04-11,89,72,38,0.46
2021-04-12,87,73,M,0.24
2021-04-13,87,69,22,0
2021-04-14,82,67,22,0
2021-04-15,83,66,22,0
2021-04-16,87,70,17,0
2021-04-17,89,72,24,0
2021-04-18,89,74,22,0
2021-04-19,91,75,30,0.04
2021-04-20,84,75,28,0.78
2021-04-21,87,75,18,0.08
2021-04-22,84,72,17,0
2021-04-23,84,69,25,0
2021-04-24,85,74,31,0
2021-04-25,92,75,24,0
2021-04-26,85,74,20,0
2021-04-27,84,69,30,0
2021-04-28,83,70,18,0
2021-04-29,86,72,24,0
2021-04-30,87,73,20,0
2021-05-01,89,73,18,0
2021-05-02,89,72,25,0
2021-05-03,87,74,24,0
2021-05-04,88,74,22,0
2021-05-05,89,74,20,0
2021-05-06,90,74,20,0.66
2021-05-07,91,75,0,0.19
2021-05-08,85,72,26,0
2021-05-09,83,76,24,0.32
2021-05-10,88,75,21,0.04
2021-05-11,89,74,0,0
2021-05-12,88,76,21,0.93
2021-05-13,93,76,0,0.12
2021-05-14,85,73,0,0
2021-05-15,85,70,25,0
2021-05-16,84,69,23,0.01
2021-05-17,83,66,22,0
2021-05-18,85,70,31,0
2021-05-19,84,69,33,0
2021-05-20,84,70,37,0
2021-05-21,83,65,33,0
2021-05-22,83,64,34,0
2021-05-23,84,64,25,0
2021-05-24,83,66,20,0
2021-05-25,84,66,22,0
2021-05-26,85,68,24,0
2021-05-27,85,68,17,0
2021-05-28,86,70,22,0
2021-05-29,87,71,24,0
2021-05-30,87,73,20,0.04
2021-05-31,88,73,28,0
2021-06-01,86,72,23,0
2021-06-02,85,75,18,0.35
2021-06-03,85,76,25,0.28
2021-06-04,87,75,24,0.06
2021-06-05,87,76,24,0.01
2021-06-06,87,76,26,0.01
2021-06-07,88,74,24,0
2021-06-08,88,73,25,0.02
2021-06-09,88,72,18,0
2021-06-10,88,74,20,0
2021-06-11,89,75,21,0
2021-06-12,88,76,21,0.07
2021-06-13,93,75,22,0
2021-06-14,86,76,0,0.55
2021-06-15,89,76,20,0.4
2021-06-16,87,77,0,0.18
2021-06-17,88,77,0,0
2021-06-18,89,78,21,0.03
2021-06-19,89,78,22,0
2021-06-20,92,80,24,0.75
2021-06-21,91,78,22,0
2021-06-22,91,79,25,0
2021-06-23,90,77,0,0.34
2021-06-24,85,75,20,0.17
2021-06-25,86,76,34,0.3
2021-06-26,88,76,33,0.27
2021-06-27,89,76,30,0.1
2021-06-28,83,76,0,0.36
2021-06-29,87,77,36,1.91
2021-06-30,86,77,0,0.74
2021-07-01,82,77,0,0.06
2021-07-02,90,77,21,0.19
2021-07-03,94,79,0,0
2021-07-04,92,80,0,0
2021-07-05,91,79,31,0.78
2021-07-06,85,78,31,0.35
2021-07-07,90,78,20,0
2021-07-08,90,77,23,0
2021-07-09,90,77,18,0
2021-07-10,88,78,0,0.02
2021-07-11,88,77,34,0.16
2021-07-12,84,77,45,1.07
2021-07-13,85,80,30,0.52
2021-07-14,88,77,24,0.02
2021-07-15,89,77,30,0
2021-07-16,89,75,20,0.09
2021-07-17,88,76,32,0.31
2021-07-18,89,77,21,0
2021-07-19,89,77,M,0
2021-07-20,89,79,24,0.33
2021-07-21,91,79,M,0.05
2021-07-22,92,78,25,0.14
2021-07-23,90,79,21,0.25
2021-07-24,90,78,26,0.06
2021-07-25,90,76,23,0
2021-07-26,90,80,23,0
2021-07-27,91,78,22,0
2021-07-28,91,78,M,0
2021-07-29,89,77,M,0.51
2021-07-30,92,78,20,0
2021-07-31,92,78,21,0
2021-08-01,91,78,M,0
2021-08-02,90,79,22,0.14
2021-08-03,88,79,30,0.7
2021-08-04,91,77,18,0.4
2021-08-05,92,78,20,0
2021-08-06,91,77,25,0
2021-08-07,90,80,M,0.03
2021-08-08,90,79,M,0.06
2021-08-09,91,78,M,0.16
2021-08-10,92,78,23,0.02
2021-08-11,91,77,22,0.01
2021-08-12,91,76,42,0.56
2021-08-13,90,79,32,0.19
2021-08-14,86,78,31,0.37
2021-08-15,86,77,31,0.33
2021-08-16,90,79,M,0.03
2021-08-17,90,79,0,0
2021-08-18,91,78,0,0
2021-08-19,92,77,21,0.15
2021-08-20,91,77,17,0
2021-08-21,91,77,18,0
2021-08-22,91,80,20,0
2021-08-23,91,79,M,0.02
2021-08-24,90,78,25,0
2021-08-25,90,76,38,0.04
2021-08-26,89,77,24,0.13
2021-08-27,90,78,25,0.01
2021-08-28,90,77,26,0
2021-08-29,90,79,22,0.01
2021-08-30,89,78,M,0.29
2021-08-31,93,76,21,0.89
2021-09-01,95,78,20,0.01
2021-09-02,88,77,25,0.28
2021-09-03,84,76,25,0.53
2021-09-04,91,77,32,0.83
2021-09-05,92,78,M,0.27
2021-09-06,92,77,M,0.17
2021-09-07,90,76,M,0
2021-09-08,89,78,M,0.41
2021-09-09,92,79,M,0
2021-09-10,90,77,21,0
2021-09-11,90,76,M,0
2021-09-12,90,78,31,0.18
2021-09-13,89,78,M,0.11
2021-09-14,89,77,M,0.08
2021-09-15,89,78,M,0.21
2021-09-16,87,77,M,0.03
2021-09-17,91,76,23,1.3
2021-09-18,91,78,M,0.05
2021-09-19,89,78,M,0.31
2021-09-20,88,78,M,0
2021-09-21,87,78,M,0
2021-09-22,87,77,M,0.04
2021-09-23,88,78,21,1.99
2021-09-24,89,78,21,0.99
2021-09-25,90,77,21,1.52
2021-09-26,89,77,21,0
2021-09-27,88,71,17,0
2021-09-28,88,70,22,0
2021-09-29,88,72,21,0
2021-09-30,88,74,21,0
2021-10-01,83,75,30,0.4
2021-10-02,86,75,31,0.18
2021-10-03,86,72,23,0.03
2021-10-04,87,74,M,0
2021-10-05,87,75,M,0
2021-10-06,89,76,M,0
2021-10-07,89,78,23,0
2021-10-08,88,77,M,0.05
2021-10-09,88,76,17,0.48
2021-10-10,89,72,18,0.12
2021-10-11,83,75,36,0.16
2021-10-12,86,75,17,0
2021-10-13,87,74,M,0.03
2021-10-14,87,74,M,0.01
2021-10-15,86,75,20,0.16
2021-10-16,90,74,M,0
2021-10-17,91,75,M,0.8
2021-10-18,84,71,24,0
2021-10-19,84,69,25,0
2021-10-20,85,68,25,0
2021-10-21,86,73,24,0
2021-10-22,81,76,17,0.84
2021-10-23,86,76,M,0
2021-10-24,86,77,M,0
2021-10-25,87,78,18,0.2
2021-10-26,88,78,20,0.01
2021-10-27,89,75,M,0
2021-10-28,90,79,32,0.04
2021-10-29,85,76,32,0.22
2021-10-30,82,70,23,0
2021-10-31,83,67,M,0
2021-11-01,82,68,18,0
2021-11-02,77,72,M,0.05
2021-11-03,83,69,20,0
2021-11-04,83,73,M,0.06
2021-11-05,79,74,18,0.48
2021-11-06,76,74,29,0
2021-11-07,75,60,25,0
2021-11-08,76,59,17,0
2021-11-09,79,62,20,0
2021-11-10,82,69,18,0
2021-11-11,82,74,22,0.04
2021-11-12,80,75,M,0.05
2021-11-13,84,74,M,0
2021-11-14,77,68,M,0
2021-11-15,77,63,18,0
2021-11-16,77,65,22,0
2021-11-17,80,70,26,0
2021-11-18,80,74,M,0.31
2021-11-19,82,75,26,0.12
2021-11-20,80,73,26,0.26
2021-11-21,82,74,21,0.19
2021-11-22,83,73,24,0
2021-11-23,72,65,25,0
2021-11-24,76,57,22,0
2021-11-25,77,62,17,0
2021-11-26,79,65,M,0
2021-11-27,76,62,M,0
2021-11-28,77,62,M,0
2021-11-29,74,54,18,0
2021-11-30,77,59,M,0
2021-12-01,79,62,M,0
2021-12-02,81,65,17,0
2021-12-03,79,62,M,0
2021-12-04,79,65,M,0
2021-12-05,82,70,M,0
2021-12-06,82,76,25,0.13
2021-12-07,85,72,M,0
2021-12-08,83,72,21,0
2021-12-09,84,74,M,0
2021-12-10,82,72,M,0
2021-12-11,82,71,18,0
2021-12-12,84,73,M,0
2021-12-13,83,69,21,0
2021-12-14,82,70,21,0.05
2021-12-15,82,74,M,0.18
2021-12-16,82,70,26,0
2021-12-17,82,72,24,0
2021-12-18,83,74,30,0.09
2021-12-19,85,75,M,0.15
2021-12-20,82,73,M,0
2021-12-21,79,73,31,0.07
2021-12-22,71,68,25,0
2021-12-23,75,55,M,0
2021-12-24,78,62,M,0
2021-12-25,79,66,M,0
2021-12-26,82,67,M,0
2021-12-27,81,68,M,0
2021-12-28,78,68,M,0
2021-12-29,81,71,21,0
2021-12-30,82,73,20,0
2021-12-31,82,73,M,0
2022-01-01,80,71,30,0
2022-01-02,82,71,24,0
2022-01-03,80,72,18,0
2022-01-04,77,63,21,0
2022-01-05,79,73,M,0.21
2022-01-06,79,65,M,0
2022-01-07,82,71,M,0
2022-01-08,79,71,25,0.08
2022-01-09,78,70,25,0.16
2022-01-10,80,71,M,0
2022-01-11,75,67,21,0.84
2022-01-12,75,66,24,0.09
2022-01-13,77,64,M,0.01
2022-01-14,71,56,18,0
2022-01-15,74,62,M,0
2022-01-16,77,67,44,0.11
2022-01-17,74,58,25,0
2022-01-18,69,51,M,0
2022-01-19,75,59,18,0
2022-01-20,81,72,21,1.22
2022-01-21,81,71,M,1.61
2022-01-22,78,71,M,0
2022-01-23,64,62,20,0.01
2022-01-24,64,43,18,0
2022-01-25,73,61,M,0
2022-01-26,81,71,23,0.03
2022-01-27,80,70,M,0.11
2022-01-28,74,66,20,0
2022-01-29,66,59,36,0
2022-01-30,61,32,23,0
2022-01-31,70,51,17,0
2022-02-01,74,54,24,0
2022-02-02,77,63,31,0
2022-02-03,79,68,25,0
2022-02-04,81,68,26,0
2022-02-05,80,69,M,0
2022-02-06,79,68,16,0
2022-02-07,82,68,18,0
2022-02-08,82,68,21,0.06
2022-02-09,67,63,M,0.15
2022-02-10,78,61,M,0
2022-02-11,80,70,M,0.01
2022-02-12,81,71,M,0.01
2022-02-13,75,72,24,0.32
2022-02-14,72,55,23,0
2022-02-15,76,58,33,0
2022-02-16,79,69,33,0
2022-02-17,80,72,25,0.01
2022-02-18,83,73,16,0
2022-02-19,85,73,18,0.17
2022-02-20,78,66,23,0
2022-02-21,79,67,22,0
2022-02-22,82,69,23,0
2022-02-23,82,69,21,0
2022-02-24,82,69,M,0
2022-02-25,82,66,21,0
2022-02-26,81,67,20,0
2022-02-27,83,71,18,0
2022-02-28,84,70,22,0.02
2022-03-01,82,66,M,0
2022-03-02,78,65,M,0.02
2022-03-03,81,67,M,0.04
2022-03-04,81,65,25,0
2022-03-05,81,67,36,0
2022-03-06,82,70,30,0.01
2022-03-07,82,73,32,0.11
2022-03-08,83,73,26,0
2022-03-09,84,72,25,0
2022-03-10,84,76,21,0.01
2022-03-11,85,74,29,0
2022-03-12,88,75,39,0
2022-03-13,73,57,25,0
2022-03-14,75,68,25,0.08
2022-03-15,79,73,M,0.3
2022-03-16,84,73,23,0
2022-03-17,82,74,24,0
2022-03-18,85,74,21,0
2022-03-19,85,74,22,0
2022-03-20,85,74,20,0.05
2022-03-21,79,70,28,0
2022-03-22,81,71,32,0
2022-03-23,84,73,30,0
2022-03-24,86,74,32,0
2022-03-25,78,74,23,0.53
2022-03-26,79,57,18,0
2022-03-27,81,56,23,0
2022-03-28,83,59,18,0
2022-03-29,84,64,18,0
2022-03-30,83,68,32,0
2022-03-31,84,73,32,0
2022-04-01,87,75,31,0
2022-04-02,87,76,24,0.05
2022-04-03,86,71,30,0.12
2022-04-04,81,74,25,0.03
2022-04-05,86,74,26,0
2022-04-06,89,77,30,0
2022-04-07,91,77,32,0.1
2022-04-08,81,74,22,0
2022-04-09,81,55,25,0
2022-04-10,77,55,23,0
2022-04-11,80,59,25,0
2022-04-12,82,62,25,0
2022-04-13,82,69,30,0
2022-04-14,86,74,22,0
2022-04-15,82,75,23,1.43
2022-04-16,84,71,20,0
2022-04-17,85,71,23,0
2022-04-18,86,72,M,0
2022-04-19,88,71,23,0
2022-04-20,82,67,28,0
2022-04-21,83,66,33,0.05
2022-04-22,83,69,33,0.11
2022-04-23,84,66,26,0
2022-04-24,84,69,28,0
2022-04-25,83,68,22,0
2022-04-26,84,67,18,0
2022-04-27,84,67,20,0
2022-04-28,88,68,23,0.09
2022-04-29,84,69,21,0.03
2022-04-30,83,71,26,0.81
2022-05-01,84,71,22,0.06
2022-05-02,85,71,0,0
2022-05-03,85,73,0,0.01
2022-05-04,87,76,25,0.2
2022-05-05,91,74,0,0
2022-05-06,92,74,17,0
2022-05-07,92,75,30,0
2022-05-08,92,75,31,0.13
2022-05-09,87,73,24,0
2022-05-10,84,65,22,0
2022-05-11,85,66,24,0
2022-05-12,81,70,M,0.05
2022-05-13,85,71,M,0
2022-05-14,88,72,20,0
2022-05-15,87,76,M,0.06
2022-05-16,87,74,33,0.44
2022-05-17,88,74,23,0
2022-05-18,90,74,20,0
2022-05-19,89,75,23,0
2022-05-20,89,78,34,1.25
2022-05-21,88,78,26,0
2022-05-22,88,76,24,0
2022-05-23,88,74,24,0.03
2022-05-24,87,73,26,0
2022-05-25,87,73,29,0
2022-05-26,86,72,22,0
2022-05-27,89,74,23,0
2022-05-28,88,74,24,0.26
2022-05-29,88,75,26,0.23
2022-05-30,87,75,25,0.43
2022-05-31,85,74,M,0.04
2022-06-01,90,74,34,2.23
2022-06-02,87,75,30,0.26
2022-06-03,78,75,31,0.3
2022-06-04,85,77,30,1.22
2022-06-05,87,77,M,0
2022-06-06,87,77,21,0.01
2022-06-07,86,77,23,0.05
2022-06-08,87,76,25,0.06
2022-06-09,90,77,0,0.1
2022-06-10,86,76,22,0.05
2022-06-11,86,75,22,0.02
2022-06-12,89,77,16,0.85
2022-06-13,91,78,18,0
2022-06-14,89,79,22,0.05
2022-06-15,89,76,22,0
2022-06-16,90,76,23,0
2022-06-17,90,76,18,0.11
2022-06-18,90,76,18,0
2022-06-19,91,77,M,1.15
2022-06-20,89,78,17,0.01
2022-06-21,87,76,23,0.21
2022-06-22,86,72,26,0.02
2022-06-23,88,71,M,0
2022-06-24,90,75,21,0
2022-06-25,89,76,24,0.63
2022-06-26,89,76,21,0
2022-06-27,89,74,21,0
2022-06-28,88,75,18,0
2022-06-29,90,76,20,0
2022-06-30,89,76,24,0
2022-07-01,89,76,21,0.01
2022-07-02,90,75,24,0
2022-07-03,90,75,26,0
2022-07-04,90,76,24,0
2022-07-05,91,78,18,0.02
2022-07-06,90,77,22,0.07
2022-07-07,91,76,20,0.02
2022-07-08,90,77,25,0.13
2022-07-09,92,77,24,0.05
2022-07-10,91,76,20,0.1
2022-07-11,93,75,30,0
2022-07-12,92,78,22,0
2022-07-13,92,78,22,0
2022-07-14,90,76,22,0.11
2022-07-15,87,76,38,0.37
2022-07-16,87,76,33,0.01
2022-07-17,91,77,28,0.01
2022-07-18,90,79,25,0
2022-07-19,90,76,18,0
2022-07-20,90,76,21,0
2022-07-21,90,75,20,0
2022-07-22,90,77,24,0.03
2022-07-23,90,76,23,0.01
2022-07-24,90,75,24,0.03
2022-07-25,89,76,21,0.13
2022-07-26,85,79,37,0.43
2022-07-27,89,78,34,0.53
2022-07-28,90,75,21,0
2022-07-29,90,75,23,0
2022-07-30,89,75,22,0
2022-07-31,91,77,20,0
2022-08-01,90,78,22,0
2022-08-02,90,77,18,0
2022-08-03,90,75,20,0
2022-08-04,89,75,24,0
2022-08-05,89,77,23,0.28
2022-08-06,90,76,28,0.02
2022-08-07,88,76,30,0.04
2022-08-08,89,77,25,0.18
2022-08-09,89,78,24,0.06
2022-08-10,90,76,M,0
2022-08-11,90,76,M,0
2022-08-12,91,75,21,0
2022-08-13,92,76,M,0.01
2022-08-14,91,76,M,0.12
2022-08-15,91,77,36,0.8
2022-08-16,92,77,M,0.75
2022-08-17,96,76,21,0
2022-08-18,96,77,30,0
2022-08-19,93,77,18,0
2022-08-20,93,78,20,0.1
2022-08-21,93,78,21,0
2022-08-22,93,78,30,0.55
2022-08-23,92,77,20,0.07
2022-08-24,93,76,17,0
2022-08-25,93,77,25,0
2022-08-26,93,77,21,0
2022-08-27,91,77,16,0
2022-08-28,90,77,M,0.67
2022-08-29,89,77,24,0.24
2022-08-30,92,78,23,0.02
2022-08-31,90,77,21,0.4
2022-09-01,92,77,22,0.13
2022-09-02,92,76,21,0.03
2022-09-03,91,77,20,0.16
2022-09-04,92,76,18,0
2022-09-05,92,77,18,0
2022-09-06,92,78,M,0.03
2022-09-07,94,79,25,0.47
2022-09-08,93,76,32,0.22
2022-09-09,91,78,30,0.04
2022-09-10,93,77,18,0
2022-09-11,93,79,21,0
2022-09-12,93,76,18,0.14
2022-09-13,91,77,20,0.11
2022-09-14,86,76,M,1.44
2022-09-15,89,77,32,0.27
2022-09-16,88,77,24,0.78
2022-09-17,90,78,32,0.12
2022-09-18,87,77,M,0.01
2022-09-19,88,77,M,0
2022-09-20,92,77,32,0
2022-09-21,92,77,M,0.06
2022-09-22,94,76,M,0
2022-09-23,94,75,21,M
2022-09-24,91,76,M,0.19
2022-09-25,89,78,M,0
2022-09-26,88,78,17,0.65
2022-09-27,83,78,41,0.75
2022-09-28,86,79,45,0.13
2022-09-29,86,74,31,0
2022-09-30,84,70,M,0
2022-10-01,85,73,M,0
2022-10-02,87,74,17,0.02
2022-10-03,90,68,M,0
2022-10-04,88,69,0,0
2022-10-05,86,70,0,0
2022-10-06,85,70,18,0
2022-10-07,87,68,20,0
2022-10-08,85,77,21,0.1
2022-10-09,84,77,18,1.33
2022-10-10,89,77,0,0
2022-10-11,89,77,0,0
2022-10-12,90,77,22,0
2022-10-13,87,77,23,1.45
2022-10-14,87,76,0,0.23
2022-10-15,89,76,22,0.02
2022-10-16,88,75,23,0
2022-10-17,87,75,22,0.04
2022-10-18,89,76,0,0
2022-10-19,79,75,17,0.24
2022-10-20,80,70,17,0
2022-10-21,82,66,22,0.03
2022-10-22,85,66,20,0
2022-10-23,86,67,22,0.01
2022-10-24,85,70,22,0
2022-10-25,87,67,0,0
2022-10-26,86,69,0,0
2022-10-27,87,68,0,0
2022-10-28,87,70,22,0
2022-10-29,87,72,22,0
2022-10-30,87,75,17,0
2022-10-31,87,76,0,0
2022-11-01,89,77,17,0.02
2022-11-02,89,77,17,0
2022-11-03,87,75,20,0.09
2022-11-04,86,71,24,0.02
2022-11-05,86,71,0,0.01
2022-11-06,85,74,32,0.12
2022-11-07,86,71,26,0.02
2022-11-08,86,71,26,0.09
2022-11-09,78,73,31,0.28
2022-11-10,85,73,30,0
2022-11-11,87,73,20,0
2022-11-12,84,76,0,0.01
2022-11-13,87,72,0,0
2022-11-14,86,71,20,0
2022-11-15,86,72,17,0
2022-11-16,87,74,M,0
2022-11-17,80,73,M,0
2022-11-18,79,66,18,0
2022-11-19,80,71,23,0
2022-11-20,78,72,20,1.26
2022-11-21,77,73,22,0.45
2022-11-22,84,76,0,0.07
2022-11-23,86,75,0,0
2022-11-24,86,75,0,0
2022-11-25,87,75,16,0
2022-11-26,87,74,22,0
2022-11-27,88,75,0,0
2022-11-28,88,75,0,0
2022-11-29,84,71,21,0
2022-11-30,85,74,26,0.32
2022-12-01,82,74,24,0.04
2022-12-02,82,67,26,0
2022-12-03,82,65,22,0
2022-12-04,82,63,21,0
2022-12-05,82,68,0,0
2022-12-06,82,69,16,0.02
2022-12-07,84,69,18,0.02
2022-12-08,82,66,0,0
2022-12-09,81,69,0,0
2022-12-10,82,67,0,0
2022-12-11,81,67,0,0
2022-12-12,79,67,0,0
2022-12-13,81,66,M,0
2022-12-14,81,68,22,0.01
2022-12-15,83,71,26,0
2022-12-16,80,72,M,0.08
2022-12-17,79,73,M,0.09
2022-12-18,80,73,18,0.04
2022-12-19,78,63,20,0
2022-12-20,80,67,22,0.32
2022-12-21,80,72,M,0.01
2022-12-22,85,71,M,0
2022-12-23,82,73,21,0.15
2022-12-24,59,46,23,0
2022-12-25,50,38,20,0.02
2022-12-26,56,55,M,0.06
2022-12-27,73,61,M,0.04
2022-12-28,76,61,22,0
2022-12-29,79,68,25,0
2022-12-30,82,73,20,0
2022-12-31,83,72,17,0
2023-01-01,85,72,M,0
2023-01-02,83,71,M,0
2023-01-03,82,71,23,0
2023-01-04,83,72,23,0
2023-01-05,85,72,18,0
2023-01-06,79,69,17,0
2023-01-07,79,59,18,0
2023-01-08,79,63,17,0
2023-01-09,80,66,0,0
2023-01-10,80,61,0,0
2023-01-11,79,59,0,0
2023-01-12,80,62,22,0
2023-01-13,81,65,30,0.03
2023-01-14,61,48,32,0
2023-01-15,63,41,20,0
2023-01-16,73,53,0,0
2023-01-17,76,57,21,0
2023-01-18,79,63,24,0
2023-01-19,82,65,17,0
2023-01-20,83,67,0,0
2023-01-21,82,67,18,0
2023-01-22,83,70,26,0
2023-01-23,87,73,24,0
2023-01-24,80,69,23,0
2023-01-25,84,72,29,0
2023-01-26,81,74,18,0
2023-01-27,70,59,18,0
2023-01-28,78,66,30,0
2023-01-29,82,70,25,0
2023-01-30,83,70,20,0
2023-01-31,83,69,20,0
2023-02-01,84,71,16,0
2023-02-02,83,71,21,0
2023-02-03,87,69,20,0
2023-02-04,74,68,32,0.07
2023-02-05,81,71,20,1.02
2023-02-06,80,67,21,0
2023-02-07,79,64,25,0
2023-02-08,80,65,23,0
2023-02-09,82,69,28,0
2023-02-10,82,70,32,0
2023-02-11,86,73,26,0
2023-02-12,77,73,37,0.66
2023-02-13,74,55,22,0
2023-02-14,77,60,21,0
2023-02-15,81,65,25,0
2023-02-16,82,69,25,0
2023-02-17,82,73,23,0.32
2023-02-18,82,71,22,0
2023-02-19,83,70,20,0
2023-02-20,84,70,24,0
2023-02-21,85,69,18,0
2023-02-22,84,70,23,0
2023-02-23,83,70,21,0
2023-02-24,85,70,24,0
2023-02-25,83,66,0,0
2023-02-26,86,67,0,0
2023-02-27,84,68,21,0
2023-02-28,87,66,0,0
2023-03-01,84,66,16,0
2023-03-02,83,66,23,0
2023-03-03,87,73,37,0
2023-03-04,87,73,21,0
2023-03-05,88,71,M,0
2023-03-06,90,70,20,0
2023-03-07,89,70,M,0
2023-03-08,89,70,23,0
2023-03-09,79,65,24,0
2023-03-10,81,62,23,0
2023-03-11,86,66,22,0
2023-03-12,87,69,22,0
2023-03-13,89,72,28,0
2023-03-14,84,70,M,0
2023-03-15,75,61,18,0.02
2023-03-16,77,57,26,0
2023-03-17,80,61,30,0
2023-03-18,85,69,28,0
2023-03-19,79,70,20,0
2023-03-20,76,62,21,0.1
2023-03-21,79,61,20,0
2023-03-22,81,63,26,0
2023-03-23,82,65,22,0
2023-03-24,83,70,21,0.03
2023-03-25,85,71,25,0
2023-03-26,86,73,22,0
2023-03-27,86,72,23,0
2023-03-28,88,73,21,0.09
2023-03-29,88,72,M,0.13
2023-03-30,78,71,21,1.98
2023-03-31,82,66,30,0
2023-04-01,85,75,24,0.46
2023-04-02,88,73,20,0
2023-04-03,86,72,20,0
2023-04-04,86,71,17,0
2023-04-05,85,70,24,0
2023-04-06,85,69,30,0
2023-04-07,84,69,23,0
2023-04-08,85,69,21,0.04
2023-04-09,87,71,M,0
2023-04-10,80,71,21,0.66
2023-04-11,76,69,33,0.73
2023-04-12,75,74,30,0.6
2023-04-13,86,75,23,0
2023-04-14,89,75,24,0.17
2023-04-15,88,75,17,0
2023-04-16,88,75,25,0.05
2023-04-17,88,72,26,0.2
2023-04-18,84,67,20,0
2023-04-19,82,62,21,0
2023-04-20,84,67,23,0
2023-04-21,84,69,0,0.14
2023-04-22,88,71,33,0.01
2023-04-23,86,71,20,0
2023-04-24,82,72,22,0.14
2023-04-25,85,71,23,0.23
2023-04-26,87,72,23,0
2023-04-27,88,73,25,0
2023-04-28,87,76,23,0
2023-04-29,90,77,31,0
2023-04-30,86,75,31,0.08
2023-05-01,85,67,23,0
2023-05-02,89,66,20,0
2023-05-03,90,66,20,0
2023-05-04,88,64,0,0
2023-05-05,88,67,20,0
2023-05-06,87,70,23,0.1
2023-05-07,84,72,26,0.11
2023-05-08,84,67,18,0
2023-05-09,87,70,18,0
2023-05-10,91,71,20,0
2023-05-11,87,71,20,0
2023-05-12,87,72,25,0.01
2023-05-13,87,70,22,0
2023-05-14,87,71,28,0
2023-05-15,89,73,23,0
2023-05-16,90,72,20,0
2023-05-17,90,74,24,0.04
2023-05-18,88,74,22,0.06
2023-05-19,87,76,0,0.95
2023-05-20,88,74,17,0
2023-05-21,88,74,0,1.23
2023-05-22,88,75,0,0.1
2023-05-23,86,76,0,0.24
2023-05-24,86,74,25,0.01
2023-05-25,85,72,45,0.4
2023-05-26,83,73,20,0.06
2023-05-27,86,73,0,0
2023-05-28,91,75,0,0
2023-05-29,90,73,0,0.01
2023-05-30,89,74,24,0.75
2023-05-31,87,75,0,0
2023-06-01,90,74,31,0.04
2023-06-02,86,74,0,0.02
2023-06-03,87,76,0,0.15
2023-06-04,90,74,20,0.09
2023-06-05,90,74,21,0.21
2023-06-06,85,75,31,0.01
2023-06-07,88,75,18,0.11
2023-06-08,89,75,28,0.42
2023-06-09,91,74,18,0
2023-06-10,90,75,23,0
2023-06-11,90,77,M,0.19
2023-06-12,88,77,25,0.31
2023-06-13,92,78,24,0
2023-06-14,91,77,23,0
2023-06-15,92,77,21,0
2023-06-16,95,78,30,0.02
2023-06-17,92,78,26,0.29
2023-06-18,90,77,21,0.02
2023-06-19,92,77,59,2.32
2023-06-20,91,76,30,0.07
2023-06-21,91,76,18,0
2023-06-22,87,80,16,0.05
2023-06-23,91,80,22,0
2023-06-24,92,79,21,0.35
2023-06-25,90,78,24,0.56
2023-06-26,88,78,18,0.06
2023-06-27,95,78,18,0
2023-06-28,95,78,24,0
2023-06-29,94,76,17,0.24
2023-06-30,91,77,17,0.03
2023-07-01,90,78,M,0.25
2023-07-02,92,80,22,1.92
2023-07-03,93,79,M,0.56
2023-07-04,91,79,M,0.08
2023-07-05,92,79,M,0.01
2023-07-06,95,79,M,0.02
2023-07-07,95,77,21,0.25
2023-07-08,96,77,22,0
2023-07-09,94,79,22,0
2023-07-10,95,77,23,0
2023-07-11,95,79,M,0
2023-07-12,94,79,M,0
2023-07-13,94,78,20,0.02
2023-07-14,94,77,20,0.24
2023-07-15,93,79,16,0.03
2023-07-16,95,78,25,0.05
2023-07-17,92,79,22,0.27
2023-07-18,90,78,20,0.04
2023-07-19,91,78,21,0.18
2023-07-20,93,78,0,0.21
2023-07-21,93,79,0,0
2023-07-22,97,78,0,0
2023-07-23,97,78,0,0
2023-07-24,96,78,18,0
2023-07-25,94,77,17,0
2023-07-26,87,79,36,0.08
2023-07-27,87,77,34,0.07
2023-07-28,88,79,23,0.52
2023-07-29,92,79,17,0.02
2023-07-30,93,77,18,0
2023-07-31,93,78,22,0.01
2023-08-01,93,77,17,0
2023-08-02,92,78,18,0.24
2023-08-03,92,77,0,0.45
2023-08-04,90,78,18,1.28
2023-08-05,93,78,23,0.62
2023-08-06,95,79,18,0.01
2023-08-07,94,79,21,0
2023-08-08,95,80,18,0.02
2023-08-09,94,80,22,0.01
2023-08-10,93,78,18,0.02
2023-08-11,93,79,20,0.67
2023-08-12,93,77,18,0
2023-08-13,93,78,26,0
2023-08-14,93,78,20,0
2023-08-15,93,78,24,0.03
2023-08-16,91,77,21,0.13
2023-08-17,92,77,34,1.45
2023-08-18,89,77,0,0.2
2023-08-19,91,77,20,0.4
2023-08-20,88,77,36,0.05
2023-08-21,91,76,28,0.1
2023-08-22,92,76,24,0.03
2023-08-23,92,77,21,0.05
2023-08-24,93,77,29,0.06
2023-08-25,92,77,21,0.01
2023-08-26,92,77,20,0
2023-08-27,93,77,0,0
2023-08-28,90,80,0,0.04
2023-08-29,92,79,38,0.44
2023-08-30,94,78,36,0
2023-08-31,95,80,31,0.07
2023-09-01,94,79,31,0.06
2023-09-02,90,77,20,0.06
2023-09-03,89,71,31,0
2023-09-04,90,73,21,0
2023-09-05,90,71,21,0
2023-09-06,90,71,20,0
2023-09-07,92,73,16,0
2023-09-08,91,73,21,0
2023-09-09,89,75,18,0.3
2023-09-10,89,76,0,1.86
2023-09-11,92,76,0,0
2023-09-12,93,76,21,0
2023-09-13,93,77,23,0
2023-09-14,92,77,0,0.2
2023-09-15,90,77,24,0.22
2023-09-16,90,77,25,1.96
2023-09-17,90,77,0,0.65
2023-09-18,93,78,0,0.08
2023-09-19,91,77,32,0.73
2023-09-20,91,76,0,0.06
2023-09-21,91,75,0,0.24
2023-09-22,89,73,0,0
2023-09-23,85,74,23,0.01
2023-09-24,90,75,18,0.08
2023-09-25,91,79,20,0.31
2023-09-26,90,79,0,0.05
2023-09-27,88,76,17,0.11
2023-09-28,89,77,0,0
2023-09-29,93,77,18,0
2023-09-30,92,79,21,0.28
2023-10-01,91,77,17,0.02
2023-10-02,86,76,25,0.5
2023-10-03,88,71,26,0
2023-10-04,89,72,18,0
2023-10-05,91,74,0,0
2023-10-06,91,74,0,0
2023-10-07,90,76,0,0.72
2023-10-08,90,75,0,0
2023-10-09,86,73,0,0
2023-10-10,90,76,0,0
2023-10-11,86,79,17,1.47
2023-10-12,93,79,30,0
2023-10-13,93,80,23,0
2023-10-14,86,80,0,1.17
2023-10-15,89,74,25,0
2023-10-16,78,63,17,0
2023-10-17,76,54,21,0
2023-10-18,84,63,20,0
2023-10-19,86,64,22,0
2023-10-20,84,70,0,0
2023-10-21,87,70,17,0
2023-10-22,86,70,0,0
2023-10-23,87,66,21,0
2023-10-24,84,69,30,0
2023-10-25,85,69,31,0.02
2023-10-26,86,70,32,0.05
2023-10-27,85,70,25,0.08
2023-10-28,85,69,29,0.05
2023-10-29,86,71,25,0.05
2023-10-30,89,72,22,0
2023-10-31,90,73,0,0
2023-11-01,87,69,21,0
2023-11-02,80,69,30,0.19
2023-11-03,83,68,30,0
2023-11-04,83,70,20,0
2023-11-05,85,69,20,0
2023-11-06,85,67,0,0
2023-11-07,85,69,18,0
2023-11-08,85,68,0,0.02
2023-11-09,85,72,0,0
2023-11-10,87,75,24,0
2023-11-11,88,75,21,0
2023-11-12,87,72,18,0
2023-11-13,86,73,18,0.3
2023-11-14,83,73,33,0.04
2023-11-15,79,72,40,1.55
2023-11-16,80,72,48,0.8
2023-11-17,83,71,0,0
2023-11-18,79,71,20,0
2023-11-19,85,67,17,0
2023-11-20,85,69,25,0
2023-11-21,83,67,23,0
2023-11-22,86,71,30,0
2023-11-23,84,71,0,0
2023-11-24,82,72,0,0.01
2023-11-25,83,72,0,0
2023-11-26,84,75,31,0.08
2023-11-27,80,73,21,0
2023-11-28,76,60,20,0
2023-11-29,76,59,0,0
2023-11-30,81,65,32,0
2023-12-01,85,73,0,0
2023-12-02,85,74,28,0
2023-12-03,88,74,0,0
2023-12-04,85,73,0,0
2023-12-05,83,72,0,0
2023-12-06,71,57,24,0
2023-12-07,75,58,21,0
2023-12-08,78,65,23,0
2023-12-09,81,68,26,0
2023-12-10,82,72,33,0.03
2023-12-11,72,68,20,0
2023-12-12,76,68,31,0
2023-12-13,75,70,31,0.28
2023-12-14,73,68,38,0.03
2023-12-15,74,66,41,0.04
2023-12-16,76,71,42,0.49
2023-12-17,78,73,39,0.09
2023-12-18,74,59,20,0
2023-12-19,73,54,20,0
2023-12-20,71,55,28,0
2023-12-21,77,54,28,0
2023-12-22,75,59,22,0
2023-12-23,76,64,22,0.08
2023-12-24,78,65,31,0.02
2023-12-25,76,69,26,0.03
2023-12-26,82,72,20,0.4
2023-12-27,76,68,0,0
2023-12-28,68,65,24,0.23
2023-12-29,70,61,20,0
2023-12-30,65,55,0,0
2023-12-31,70,54,0,0
2024-01-01,72,53,0,0